id_channel,name,interest,created_at,updated_at,thumbnail_channel_url,keywords,id_language,id_categ_1
fake_9aa8ccf6bfe8,Vilebrequin,2.5,2023-11-21 16:33:00,2023-11-29 11:06:23,https://i.ytimg.com/vi/kJQP7kiw5Fk/hqdefault.jpg?sqp=-oaymwEcCPYBEIoBSFXyq4qpAw4IARUAAIhCGAFwAcABBg==&rs=AOn4CLC7mQvF1DbgLkymd5TjUQjWLbaJ3A,NaN,Fr,Cars
test_2492068e,test_9844604d,2.5,2023-11-23 13:44:26,2023-11-29 11:06:23,https://i.ytimg.com/vi/kJQP7kiw5Fk/hqdefault.jpg?sqp=-oaymwEcCPYBEIoBSFXyq4qpAw4IARUAAIhCGAFwAcABBg==&rs=AOn4CLC7mQvF1DbgLkymd5TjUQjWLbaJ3A,NaN,En,Misc.
test_a_la_main,test_65b5fbcf,2.5,2023-11-23 14:45:23,2023-11-29 11:06:23,https://i.ytimg.com/vi/kJQP7kiw5Fk/hqdefault.jpg?sqp=-oaymwEcCPYBEIoBSFXyq4qpAw4IARUAAIhCGAFwAcABBg==&rs=AOn4CLC7mQvF1DbgLkymd5TjUQjWLbaJ3A,NaN,En,Misc.
UC_CXtrkW1a343sChq8DnBGA,karatebushido,2.5,2023-11-21 18:34:00,2023-11-29 11:06:23,https://i.ytimg.com/vi/kJQP7kiw5Fk/hqdefault.jpg?sqp=-oaymwEcCPYBEIoBSFXyq4qpAw4IARUAAIhCGAFwAcABBg==&rs=AOn4CLC7mQvF1DbgLkymd5TjUQjWLbaJ3A,NaN,Fr,Muscle
UC_PsZx6zW4gSb2HqTPbKblg,statapprendra2183,2.5,2023-11-21 16:45:00,2023-11-29 11:06:23,https://i.ytimg.com/vi/kJQP7kiw5Fk/hqdefault.jpg?sqp=-oaymwEcCPYBEIoBSFXyq4qpAw4IARUAAIhCGAFwAcABBg==&rs=AOn4CLC7mQvF1DbgLkymd5TjUQjWLbaJ3A,NaN,Fr,Stats
UC_yP2DpIgs5Y1uWC0T03Chw,joueurdugrenier,2.5,2023-11-21 18:33:00,2023-11-29 11:06:23,https://i.ytimg.com/vi/kJQP7kiw5Fk/hqdefault.jpg?sqp=-oaymwEcCPYBEIoBSFXyq4qpAw4IARUAAIhCGAFwAcABBg==&rs=AOn4CLC7mQvF1DbgLkymd5TjUQjWLbaJ3A,NaN,Fr,Gaming
UC-06IzcwOHu9_Xgqr-NMkUQ,yannleonardi,2.5,2023-11-21 16:43:00,2023-11-29 11:06:23,https://i.ytimg.com/vi/kJQP7kiw5Fk/hqdefault.jpg?sqp=-oaymwEcCPYBEIoBSFXyq4qpAw4IARUAAIhCGAFwAcABBg==&rs=AOn4CLC7mQvF1DbgLkymd5TjUQjWLbaJ3A,NaN,Fr,Business
UC-eE8zE7Czp0pueSYyS4jDQ,Lapetitetrotteuse,2.5,2023-11-21 16:47:00,2023-11-29 11:06:23,https://i.ytimg.com/vi/kJQP7kiw5Fk/hqdefault.jpg?sqp=-oaymwEcCPYBEIoBSFXyq4qpAw4IARUAAIhCGAFwAcABBg==&rs=AOn4CLC7mQvF1DbgLkymd5TjUQjWLbaJ3A,NaN,Fr,Watch
UC0FIKAE7xORm6Y91kWbg4cA,JohnTaieb,1.0,2023-11-21 18:31:00,2023-11-29 11:06:23,https://i.ytimg.com/vi/kJQP7kiw5Fk/hqdefault.jpg?sqp=-oaymwEcCPYBEIoBSFXyq4qpAw4IARUAAIhCGAFwAcABBg==&rs=AOn4CLC7mQvF1DbgLkymd5TjUQjWLbaJ3A,NaN,?,Code
UC0NCbj8CxzeCGIF6sODJ-7A,Science4Allfrancais,2.5,2023-11-21 18:31:00,2023-11-29 11:06:23,https://i.ytimg.com/vi/kJQP7kiw5Fk/hqdefault.jpg?sqp=-oaymwEcCPYBEIoBSFXyq4qpAw4IARUAAIhCGAFwAcABBg==&rs=AOn4CLC7mQvF1DbgLkymd5TjUQjWLbaJ3A,NaN,Fr,Science
UC0o_ULEdwva8ksC63qvxMAA,EtincellesEPFL,2.5,2023-11-21 16:45:00,2023-11-29 11:06:23,https://i.ytimg.com/vi/kJQP7kiw5Fk/hqdefault.jpg?sqp=-oaymwEcCPYBEIoBSFXyq4qpAw4IARUAAIhCGAFwAcABBg==&rs=AOn4CLC7mQvF1DbgLkymd5TjUQjWLbaJ3A,NaN,?,Misc.
UC0w4AA42ItXQEb9aZld87-w,dnegspoker,2.5,2023-11-21 16:21:00,2023-11-29 11:06:23,https://i.ytimg.com/vi/kJQP7kiw5Fk/hqdefault.jpg?sqp=-oaymwEcCPYBEIoBSFXyq4qpAw4IARUAAIhCGAFwAcABBg==&rs=AOn4CLC7mQvF1DbgLkymd5TjUQjWLbaJ3A,NaN,En,Poker
UC1-BjQoTDrJA4UI1tgGEsIQ,guitareimprovisation,2.5,2023-11-21 18:21:00,2023-11-29 11:06:23,https://i.ytimg.com/vi/kJQP7kiw5Fk/hqdefault.jpg?sqp=-oaymwEcCPYBEIoBSFXyq4qpAw4IARUAAIhCGAFwAcABBg==&rs=AOn4CLC7mQvF1DbgLkymd5TjUQjWLbaJ3A,NaN,Fr,Guitar
UC1ebwJn2QOFo9B96m4fRmEA,playpopsongs-piano,2.5,2023-11-21 18:23:00,2023-11-29 11:06:23,https://i.ytimg.com/vi/kJQP7kiw5Fk/hqdefault.jpg?sqp=-oaymwEcCPYBEIoBSFXyq4qpAw4IARUAAIhCGAFwAcABBg==&rs=AOn4CLC7mQvF1DbgLkymd5TjUQjWLbaJ3A,NaN,Fr,Piano
UC1kz30iAcNahlzfPcKFZGpA,gradusadparnassumfr,2.5,2023-11-21 18:24:00,2023-11-29 11:06:23,https://i.ytimg.com/vi/kJQP7kiw5Fk/hqdefault.jpg?sqp=-oaymwEcCPYBEIoBSFXyq4qpAw4IARUAAIhCGAFwAcABBg==&rs=AOn4CLC7mQvF1DbgLkymd5TjUQjWLbaJ3A,NaN,Fr,Music
UC1TuJX4HZND3KttV-bH0aMA,ecolepilotefrance,2.5,2023-11-21 18:21:00,2023-11-29 11:06:23,https://i.ytimg.com/vi/kJQP7kiw5Fk/hqdefault.jpg?sqp=-oaymwEcCPYBEIoBSFXyq4qpAw4IARUAAIhCGAFwAcABBg==&rs=AOn4CLC7mQvF1DbgLkymd5TjUQjWLbaJ3A,NaN,Fr,Fly
UC2_u6eFwn95n_Mwzopm36qg,RomainUghetto,2.5,2023-11-21 18:43:00,2023-11-29 11:06:23,https://i.ytimg.com/vi/kJQP7kiw5Fk/hqdefault.jpg?sqp=-oaymwEcCPYBEIoBSFXyq4qpAw4IARUAAIhCGAFwAcABBg==&rs=AOn4CLC7mQvF1DbgLkymd5TjUQjWLbaJ3A,NaN,Fr,Music
UC3aPRnneybmQcbEK-X-Qptg,GLGreviews,2.5,2023-11-21 16:30:00,2023-11-29 11:06:23,https://i.ytimg.com/vi/kJQP7kiw5Fk/hqdefault.jpg?sqp=-oaymwEcCPYBEIoBSFXyq4qpAw4IARUAAIhCGAFwAcABBg==&rs=AOn4CLC7mQvF1DbgLkymd5TjUQjWLbaJ3A,NaN,Fr,Misc.
UC3FXGTXQqx9cc2T7EDhslIQ,JulienSong,2.5,2023-11-21 16:47:00,2023-11-29 11:06:23,https://i.ytimg.com/vi/kJQP7kiw5Fk/hqdefault.jpg?sqp=-oaymwEcCPYBEIoBSFXyq4qpAw4IARUAAIhCGAFwAcABBg==&rs=AOn4CLC7mQvF1DbgLkymd5TjUQjWLbaJ3A,NaN,Fr,Chess
UC3q8O3Bh2Le8Rj1-Q-_UUbA,Databricks,2.5,2023-11-21 16:21:00,2023-11-29 11:06:23,https://i.ytimg.com/vi/kJQP7kiw5Fk/hqdefault.jpg?sqp=-oaymwEcCPYBEIoBSFXyq4qpAw4IARUAAIhCGAFwAcABBg==&rs=AOn4CLC7mQvF1DbgLkymd5TjUQjWLbaJ3A,NaN,En,Data
UC3SLk50bvlivTtnFZqk-bHQ,benzaieTV,2.5,2023-11-21 16:13:00,2023-11-29 11:06:23,https://i.ytimg.com/vi/kJQP7kiw5Fk/hqdefault.jpg?sqp=-oaymwEcCPYBEIoBSFXyq4qpAw4IARUAAIhCGAFwAcABBg==&rs=AOn4CLC7mQvF1DbgLkymd5TjUQjWLbaJ3A,NaN,Fr,Gaming
UC4FjYNJEMUvCvq2zUdJ8Uzw,eDevenirTrader,2.5,2023-11-21 18:41:00,2023-11-29 11:06:23,https://i.ytimg.com/vi/kJQP7kiw5Fk/hqdefault.jpg?sqp=-oaymwEcCPYBEIoBSFXyq4qpAw4IARUAAIhCGAFwAcABBg==&rs=AOn4CLC7mQvF1DbgLkymd5TjUQjWLbaJ3A,NaN,Fr,Finance
UC4JX40jDee_tINbkjycV4Sg,TechWithTim,2.5,2023-11-21 16:33:00,2023-11-29 11:06:23,https://i.ytimg.com/vi/kJQP7kiw5Fk/hqdefault.jpg?sqp=-oaymwEcCPYBEIoBSFXyq4qpAw4IARUAAIhCGAFwAcABBg==&rs=AOn4CLC7mQvF1DbgLkymd5TjUQjWLbaJ3A,NaN,En,Code
UC4PasDd25MXqlXBogBw9CAg,Micmaths,2.5,2023-11-21 16:41:00,2023-11-29 11:06:23,https://i.ytimg.com/vi/kJQP7kiw5Fk/hqdefault.jpg?sqp=-oaymwEcCPYBEIoBSFXyq4qpAw4IARUAAIhCGAFwAcABBg==&rs=AOn4CLC7mQvF1DbgLkymd5TjUQjWLbaJ3A,NaN,Fr,Maths
UC4Sukzudhbwr6fs10cXrJsQ,CNRS-FIDLE,2.5,2023-11-21 18:17:00,2023-11-29 11:06:23,https://i.ytimg.com/vi/kJQP7kiw5Fk/hqdefault.jpg?sqp=-oaymwEcCPYBEIoBSFXyq4qpAw4IARUAAIhCGAFwAcABBg==&rs=AOn4CLC7mQvF1DbgLkymd5TjUQjWLbaJ3A,NaN,Fr,IA
UC5_oFcBFlawLcFCBmU7oNZA,juliannash3590,2.5,2023-11-21 18:21:00,2023-11-29 11:06:23,https://i.ytimg.com/vi/kJQP7kiw5Fk/hqdefault.jpg?sqp=-oaymwEcCPYBEIoBSFXyq4qpAw4IARUAAIhCGAFwAcABBg==&rs=AOn4CLC7mQvF1DbgLkymd5TjUQjWLbaJ3A,NaN,En,Code
UC5X4e8ScZI2AFd_vkjSoyoQ,AstronoGeek,2.5,2023-11-21 18:31:00,2023-11-29 11:06:23,https://i.ytimg.com/vi/kJQP7kiw5Fk/hqdefault.jpg?sqp=-oaymwEcCPYBEIoBSFXyq4qpAw4IARUAAIhCGAFwAcABBg==&rs=AOn4CLC7mQvF1DbgLkymd5TjUQjWLbaJ3A,NaN,Fr,Space
UC6107grRI4m0o2-emgoDnAA,smartereveryday,2.5,2023-11-21 18:33:00,2023-11-29 11:06:23,https://i.ytimg.com/vi/kJQP7kiw5Fk/hqdefault.jpg?sqp=-oaymwEcCPYBEIoBSFXyq4qpAw4IARUAAIhCGAFwAcABBg==&rs=AOn4CLC7mQvF1DbgLkymd5TjUQjWLbaJ3A,NaN,En,Science
UC61GK_nOLSJdzAK5hoR2mJA,HarryJMG,2.5,2023-11-21 18:41:00,2023-11-29 11:06:23,https://i.ytimg.com/vi/kJQP7kiw5Fk/hqdefault.jpg?sqp=-oaymwEcCPYBEIoBSFXyq4qpAw4IARUAAIhCGAFwAcABBg==&rs=AOn4CLC7mQvF1DbgLkymd5TjUQjWLbaJ3A,NaN,Fr,Code
UC6T90Z6cROhlFxnF6hY4ayw,frank.sans.c,2.5,2023-11-21 16:23:00,2023-11-29 11:06:23,https://i.ytimg.com/vi/kJQP7kiw5Fk/hqdefault.jpg?sqp=-oaymwEcCPYBEIoBSFXyq4qpAw4IARUAAIhCGAFwAcABBg==&rs=AOn4CLC7mQvF1DbgLkymd5TjUQjWLbaJ3A,NaN,Fr,Watch
UC6UbiyGEGkF5iuqKRsShCOg,ValentinaLisitsaQOR,2.5,2023-11-21 18:24:00,2023-11-29 11:06:23,https://i.ytimg.com/vi/kJQP7kiw5Fk/hqdefault.jpg?sqp=-oaymwEcCPYBEIoBSFXyq4qpAw4IARUAAIhCGAFwAcABBg==&rs=AOn4CLC7mQvF1DbgLkymd5TjUQjWLbaJ3A,NaN,En,Piano
UC79Gv3mYp6zKiSwYemEik9A,DataCamp,2.5,2023-11-21 16:29:00,2023-11-29 11:06:23,https://i.ytimg.com/vi/kJQP7kiw5Fk/hqdefault.jpg?sqp=-oaymwEcCPYBEIoBSFXyq4qpAw4IARUAAIhCGAFwAcABBg==&rs=AOn4CLC7mQvF1DbgLkymd5TjUQjWLbaJ3A,NaN,En,Data
UC7myUXybJN3i_gLdSBlD_3g,podcastscience,2.5,2023-11-21 18:33:00,2023-11-29 11:06:23,https://i.ytimg.com/vi/kJQP7kiw5Fk/hqdefault.jpg?sqp=-oaymwEcCPYBEIoBSFXyq4qpAw4IARUAAIhCGAFwAcABBg==&rs=AOn4CLC7mQvF1DbgLkymd5TjUQjWLbaJ3A,NaN,?,Science
UC7sXGI8p8PvKosLWagkK9wQ,Heu7reka,2.5,2023-11-21 18:24:00,2023-11-29 11:06:23,https://i.ytimg.com/vi/kJQP7kiw5Fk/hqdefault.jpg?sqp=-oaymwEcCPYBEIoBSFXyq4qpAw4IARUAAIhCGAFwAcABBg==&rs=AOn4CLC7mQvF1DbgLkymd5TjUQjWLbaJ3A,NaN,Fr,Economy
UC8butISFwT-Wl7EV0hUK0BQ,freecodecamp,2.5,2023-11-21 16:14:00,2023-11-29 11:06:23,https://i.ytimg.com/vi/kJQP7kiw5Fk/hqdefault.jpg?sqp=-oaymwEcCPYBEIoBSFXyq4qpAw4IARUAAIhCGAFwAcABBg==&rs=AOn4CLC7mQvF1DbgLkymd5TjUQjWLbaJ3A,NaN,En,Code
UC8ggH3zU61XO0nMskSQwZdA,CanalplusSport,2.5,2023-11-21 16:22:00,2023-11-29 11:06:23,https://i.ytimg.com/vi/kJQP7kiw5Fk/hqdefault.jpg?sqp=-oaymwEcCPYBEIoBSFXyq4qpAw4IARUAAIhCGAFwAcABBg==&rs=AOn4CLC7mQvF1DbgLkymd5TjUQjWLbaJ3A,NaN,Fr,F1
UC8NAgkkx9yklK7-Gq7AKkcg,TutoPoker,2.5,2023-11-21 16:42:00,2023-11-29 11:06:23,https://i.ytimg.com/vi/kJQP7kiw5Fk/hqdefault.jpg?sqp=-oaymwEcCPYBEIoBSFXyq4qpAw4IARUAAIhCGAFwAcABBg==&rs=AOn4CLC7mQvF1DbgLkymd5TjUQjWLbaJ3A,NaN,Fr,Poker
UC8Ux-LOyEXeioYQ4LFzpBXw,AudeWTFake,2.5,2023-11-21 16:39:00,2023-11-29 11:06:23,https://i.ytimg.com/vi/kJQP7kiw5Fk/hqdefault.jpg?sqp=-oaymwEcCPYBEIoBSFXyq4qpAw4IARUAAIhCGAFwAcABBg==&rs=AOn4CLC7mQvF1DbgLkymd5TjUQjWLbaJ3A,NaN,Fr,Sceptic
UC9-y-6csu5WGm29I7JiwpnA,Computerphile,2.5,2023-11-21 16:40:00,2023-11-29 11:06:23,https://i.ytimg.com/vi/kJQP7kiw5Fk/hqdefault.jpg?sqp=-oaymwEcCPYBEIoBSFXyq4qpAw4IARUAAIhCGAFwAcABBg==&rs=AOn4CLC7mQvF1DbgLkymd5TjUQjWLbaJ3A,NaN,En,Code
UC9WKeSyfajhE-337rs0bO2Q,LesClesDuPiano,2.5,2023-11-21 18:21:00,2023-11-29 11:06:23,https://i.ytimg.com/vi/kJQP7kiw5Fk/hqdefault.jpg?sqp=-oaymwEcCPYBEIoBSFXyq4qpAw4IARUAAIhCGAFwAcABBg==&rs=AOn4CLC7mQvF1DbgLkymd5TjUQjWLbaJ3A,NaN,Fr,Piano
UCa3riqqrEl0I57LJEGbEM4Q,unMAXdeSPORT,2.5,2023-11-21 18:17:00,2023-11-29 11:06:23,https://i.ytimg.com/vi/kJQP7kiw5Fk/hqdefault.jpg?sqp=-oaymwEcCPYBEIoBSFXyq4qpAw4IARUAAIhCGAFwAcABBg==&rs=AOn4CLC7mQvF1DbgLkymd5TjUQjWLbaJ3A,NaN,Fr,Sport
UCaBtHOmqKSNY7pNTEaHkQcQ,tutotrompette9024,2.5,2023-11-21 18:23:00,2023-11-29 11:06:23,https://i.ytimg.com/vi/kJQP7kiw5Fk/hqdefault.jpg?sqp=-oaymwEcCPYBEIoBSFXyq4qpAw4IARUAAIhCGAFwAcABBg==&rs=AOn4CLC7mQvF1DbgLkymd5TjUQjWLbaJ3A,NaN,Fr,Cuivres
UCaDqmzanCq4ZYhdEm0Df9Qg,YMONKA,2.5,2023-11-21 18:31:00,2023-11-29 11:06:23,https://i.ytimg.com/vi/kJQP7kiw5Fk/hqdefault.jpg?sqp=-oaymwEcCPYBEIoBSFXyq4qpAw4IARUAAIhCGAFwAcABBg==&rs=AOn4CLC7mQvF1DbgLkymd5TjUQjWLbaJ3A,NaN,Fr,Maths
UCah8C0gmLkdtvsy0b2jrjrw,CyrusNorth,2.5,2023-11-21 16:31:00,2023-11-29 11:06:23,https://i.ytimg.com/vi/kJQP7kiw5Fk/hqdefault.jpg?sqp=-oaymwEcCPYBEIoBSFXyq4qpAw4IARUAAIhCGAFwAcABBg==&rs=AOn4CLC7mQvF1DbgLkymd5TjUQjWLbaJ3A,NaN,Fr,Philo
UCaiL2GDNpLYH6Wokkk1VNcg,mCoding,2.5,2023-11-21 16:45:00,2023-11-29 11:06:23,https://i.ytimg.com/vi/kJQP7kiw5Fk/hqdefault.jpg?sqp=-oaymwEcCPYBEIoBSFXyq4qpAw4IARUAAIhCGAFwAcABBg==&rs=AOn4CLC7mQvF1DbgLkymd5TjUQjWLbaJ3A,NaN,En,Python
UCaNlbnghtwlsGF-KzAFThqA,ScienceEtonnante,2.5,2023-11-21 18:33:00,2023-11-29 11:06:23,https://i.ytimg.com/vi/kJQP7kiw5Fk/hqdefault.jpg?sqp=-oaymwEcCPYBEIoBSFXyq4qpAw4IARUAAIhCGAFwAcABBg==&rs=AOn4CLC7mQvF1DbgLkymd5TjUQjWLbaJ3A,NaN,Fr,Science
UCAoUBng0Mfu0qn4lPimS6MA,ggmilgram,2.5,2023-11-21 16:19:00,2023-11-29 11:06:23,https://i.ytimg.com/vi/kJQP7kiw5Fk/hqdefault.jpg?sqp=-oaymwEcCPYBEIoBSFXyq4qpAw4IARUAAIhCGAFwAcABBg==&rs=AOn4CLC7mQvF1DbgLkymd5TjUQjWLbaJ3A,NaN,Fr,Sceptic
UCARDLLvzw-DPoek7Z3dUAsA,Shubham_Sharma,2.5,2023-11-21 18:41:00,2023-11-29 11:06:23,https://i.ytimg.com/vi/kJQP7kiw5Fk/hqdefault.jpg?sqp=-oaymwEcCPYBEIoBSFXyq4qpAw4IARUAAIhCGAFwAcABBg==&rs=AOn4CLC7mQvF1DbgLkymd5TjUQjWLbaJ3A,NaN,Fr,Business
UCaSN10rVMFrdkAOJ39cLl7w,YoHViraL,2.5,2023-11-21 16:19:00,2023-11-29 11:06:23,https://i.ytimg.com/vi/kJQP7kiw5Fk/hqdefault.jpg?sqp=-oaymwEcCPYBEIoBSFXyq4qpAw4IARUAAIhCGAFwAcABBg==&rs=AOn4CLC7mQvF1DbgLkymd5TjUQjWLbaJ3A,NaN,Fr,Poker
UCAuUUnT6oDeKwE6v1NGQxug,TED,2.5,2023-11-21 16:22:00,2023-11-29 11:06:23,https://i.ytimg.com/vi/kJQP7kiw5Fk/hqdefault.jpg?sqp=-oaymwEcCPYBEIoBSFXyq4qpAw4IARUAAIhCGAFwAcABBg==&rs=AOn4CLC7mQvF1DbgLkymd5TjUQjWLbaJ3A,NaN,Fr,Misc.
UCawZsQWqfGSbCI5yjkdVkTA,matthew_berman,2.5,2023-11-21 18:41:00,2023-11-29 11:06:23,https://i.ytimg.com/vi/kJQP7kiw5Fk/hqdefault.jpg?sqp=-oaymwEcCPYBEIoBSFXyq4qpAw4IARUAAIhCGAFwAcABBg==&rs=AOn4CLC7mQvF1DbgLkymd5TjUQjWLbaJ3A,NaN,En,IA
UCAz-755tH3m8_BwaluzdJwQ,numerama,2.5,2023-11-21 16:09:00,2023-11-29 11:06:23,https://i.ytimg.com/vi/kJQP7kiw5Fk/hqdefault.jpg?sqp=-oaymwEcCPYBEIoBSFXyq4qpAw4IARUAAIhCGAFwAcABBg==&rs=AOn4CLC7mQvF1DbgLkymd5TjUQjWLbaJ3A,NaN,Fr,Tech
UCB0qpLkjzVlVZ4c8nKiCEyw,pvnova,2.5,2023-11-21 18:33:00,2023-11-29 11:06:23,https://i.ytimg.com/vi/kJQP7kiw5Fk/hqdefault.jpg?sqp=-oaymwEcCPYBEIoBSFXyq4qpAw4IARUAAIhCGAFwAcABBg==&rs=AOn4CLC7mQvF1DbgLkymd5TjUQjWLbaJ3A,NaN,Fr,Music
UCb68flOoUHVz98jUJk5XCSw,KoudetatTV,2.5,2023-11-21 16:45:00,2023-11-29 11:06:23,https://i.ytimg.com/vi/kJQP7kiw5Fk/hqdefault.jpg?sqp=-oaymwEcCPYBEIoBSFXyq4qpAw4IARUAAIhCGAFwAcABBg==&rs=AOn4CLC7mQvF1DbgLkymd5TjUQjWLbaJ3A,NaN,Fr,Business
UCbXgNpp0jedKWcQiULLbDTA,patloeber,2.5,2023-11-21 16:46:00,2023-11-29 11:06:23,https://i.ytimg.com/vi/kJQP7kiw5Fk/hqdefault.jpg?sqp=-oaymwEcCPYBEIoBSFXyq4qpAw4IARUAAIhCGAFwAcABBg==&rs=AOn4CLC7mQvF1DbgLkymd5TjUQjWLbaJ3A,NaN,En,Python
UCC1Tdag0L4dfOEDAsWW6TvQ,NassimSahili,2.5,2023-11-21 18:43:00,2023-11-29 11:06:23,https://i.ytimg.com/vi/kJQP7kiw5Fk/hqdefault.jpg?sqp=-oaymwEcCPYBEIoBSFXyq4qpAw4IARUAAIhCGAFwAcABBg==&rs=AOn4CLC7mQvF1DbgLkymd5TjUQjWLbaJ3A,NaN,Fr,Muscle
UCcabW7890RKJzL968QWEykA,cs50,2.5,2023-11-21 16:22:00,2023-11-29 11:06:23,https://i.ytimg.com/vi/kJQP7kiw5Fk/hqdefault.jpg?sqp=-oaymwEcCPYBEIoBSFXyq4qpAw4IARUAAIhCGAFwAcABBg==&rs=AOn4CLC7mQvF1DbgLkymd5TjUQjWLbaJ3A,NaN,En,Code
UCCezIgC97PvUuR4_gbFUs5g,coreyms,2.5,2023-11-21 18:24:00,2023-11-29 11:06:23,https://i.ytimg.com/vi/kJQP7kiw5Fk/hqdefault.jpg?sqp=-oaymwEcCPYBEIoBSFXyq4qpAw4IARUAAIhCGAFwAcABBg==&rs=AOn4CLC7mQvF1DbgLkymd5TjUQjWLbaJ3A,NaN,En,Python
UCCGRtSqLfljpX9mzCYDsQIg,QuestionsdHistoire,2.5,2023-11-21 18:21:00,2023-11-29 11:06:23,https://i.ytimg.com/vi/kJQP7kiw5Fk/hqdefault.jpg?sqp=-oaymwEcCPYBEIoBSFXyq4qpAw4IARUAAIhCGAFwAcABBg==&rs=AOn4CLC7mQvF1DbgLkymd5TjUQjWLbaJ3A,NaN,Fr,History
UCcIXc5mJsHVYTZR1maL5l9w,Deeplearningai,2.5,2023-11-21 16:31:00,2023-11-29 11:06:23,https://i.ytimg.com/vi/kJQP7kiw5Fk/hqdefault.jpg?sqp=-oaymwEcCPYBEIoBSFXyq4qpAw4IARUAAIhCGAFwAcABBg==&rs=AOn4CLC7mQvF1DbgLkymd5TjUQjWLbaJ3A,NaN,En,IA
UCcJbjcstdopt-2VuWaiaKBg,VoituresIngenierie,2.5,2023-11-21 16:33:00,2023-11-29 11:06:23,https://i.ytimg.com/vi/kJQP7kiw5Fk/hqdefault.jpg?sqp=-oaymwEcCPYBEIoBSFXyq4qpAw4IARUAAIhCGAFwAcABBg==&rs=AOn4CLC7mQvF1DbgLkymd5TjUQjWLbaJ3A,NaN,Fr,Cars
UCcliHNE38fJ4n4gYYB0TCQw,Durendal1,2.5,2023-11-21 18:43:00,2023-11-29 11:06:23,https://i.ytimg.com/vi/kJQP7kiw5Fk/hqdefault.jpg?sqp=-oaymwEcCPYBEIoBSFXyq4qpAw4IARUAAIhCGAFwAcABBg==&rs=AOn4CLC7mQvF1DbgLkymd5TjUQjWLbaJ3A,NaN,Fr,Cinema
UCCMxHHciWRBBouzk-PGzmtQ,BazarduGrenier,2.5,2023-11-21 16:41:00,2023-11-29 11:06:23,https://i.ytimg.com/vi/kJQP7kiw5Fk/hqdefault.jpg?sqp=-oaymwEcCPYBEIoBSFXyq4qpAw4IARUAAIhCGAFwAcABBg==&rs=AOn4CLC7mQvF1DbgLkymd5TjUQjWLbaJ3A,NaN,Fr,Gaming
UCcT7B4zCzrfywO2Q19OJIzA,HistoireAppliquee,2.5,2023-11-21 16:37:00,2023-11-29 11:06:23,https://i.ytimg.com/vi/kJQP7kiw5Fk/hqdefault.jpg?sqp=-oaymwEcCPYBEIoBSFXyq4qpAw4IARUAAIhCGAFwAcABBg==&rs=AOn4CLC7mQvF1DbgLkymd5TjUQjWLbaJ3A,NaN,Fr,History
UCcueC-4NWGuPFQKzQWn5heA,VictorFerry,2.5,2023-11-21 16:18:00,2023-11-29 11:06:23,https://i.ytimg.com/vi/kJQP7kiw5Fk/hqdefault.jpg?sqp=-oaymwEcCPYBEIoBSFXyq4qpAw4IARUAAIhCGAFwAcABBg==&rs=AOn4CLC7mQvF1DbgLkymd5TjUQjWLbaJ3A,NaN,Fr,Philo
UCCW3y5OrqbBtLgValVRmEuw,Underscore_,2.5,2023-11-21 16:45:00,2023-11-29 11:06:23,https://i.ytimg.com/vi/kJQP7kiw5Fk/hqdefault.jpg?sqp=-oaymwEcCPYBEIoBSFXyq4qpAw4IARUAAIhCGAFwAcABBg==&rs=AOn4CLC7mQvF1DbgLkymd5TjUQjWLbaJ3A,NaN,Fr,Code
UCCWTtFf8wpLlCZHenYUGZKw,markfowlermusic,2.5,2023-11-21 18:31:00,2023-11-29 11:06:23,https://i.ytimg.com/vi/kJQP7kiw5Fk/hqdefault.jpg?sqp=-oaymwEcCPYBEIoBSFXyq4qpAw4IARUAAIhCGAFwAcABBg==&rs=AOn4CLC7mQvF1DbgLkymd5TjUQjWLbaJ3A,NaN,En,Piano
UCcXH6W9ey_h8LEx2lFxp5fg,VideosEchecs,0.0,2023-11-21 16:31:00,2023-11-29 11:06:23,https://i.ytimg.com/vi/kJQP7kiw5Fk/hqdefault.jpg?sqp=-oaymwEcCPYBEIoBSFXyq4qpAw4IARUAAIhCGAFwAcABBg==&rs=AOn4CLC7mQvF1DbgLkymd5TjUQjWLbaJ3A,NaN,Fr,Chess
UCcziTK2NKeWtWQ6kB5tmQ8Q,Epenser1,2.5,2023-11-21 21:46:00,2023-11-29 11:06:23,https://i.ytimg.com/vi/kJQP7kiw5Fk/hqdefault.jpg?sqp=-oaymwEcCPYBEIoBSFXyq4qpAw4IARUAAIhCGAFwAcABBg==&rs=AOn4CLC7mQvF1DbgLkymd5TjUQjWLbaJ3A,NaN,Fr,Science
UCD_VizaraVT9yDy1egNlWCQ,Wandida,2.5,2023-11-21 18:31:00,2023-11-29 11:06:23,https://i.ytimg.com/vi/kJQP7kiw5Fk/hqdefault.jpg?sqp=-oaymwEcCPYBEIoBSFXyq4qpAw4IARUAAIhCGAFwAcABBg==&rs=AOn4CLC7mQvF1DbgLkymd5TjUQjWLbaJ3A,NaN,?,Code
UCDC6DBi0kRp6Jk21xqfvFLA,hugolisoiryoutube,2.5,2023-11-21 16:40:00,2023-11-29 11:06:23,https://i.ytimg.com/vi/kJQP7kiw5Fk/hqdefault.jpg?sqp=-oaymwEcCPYBEIoBSFXyq4qpAw4IARUAAIhCGAFwAcABBg==&rs=AOn4CLC7mQvF1DbgLkymd5TjUQjWLbaJ3A,NaN,Fr,Space
UCDKPGD9T00eS_l--D_DRTUQ,AdrienLinuxtricks,2.5,2023-11-21 16:40:00,2023-11-29 11:06:23,https://i.ytimg.com/vi/kJQP7kiw5Fk/hqdefault.jpg?sqp=-oaymwEcCPYBEIoBSFXyq4qpAw4IARUAAIhCGAFwAcABBg==&rs=AOn4CLC7mQvF1DbgLkymd5TjUQjWLbaJ3A,NaN,Fr,Tech
UCdL3UpiseRlvxXuORJjmqZw,StardustYT,2.5,2023-11-21 18:24:00,2023-11-29 11:06:23,https://i.ytimg.com/vi/kJQP7kiw5Fk/hqdefault.jpg?sqp=-oaymwEcCPYBEIoBSFXyq4qpAw4IARUAAIhCGAFwAcABBg==&rs=AOn4CLC7mQvF1DbgLkymd5TjUQjWLbaJ3A,NaN,Fr,Space
UCDxm-FbK9nmZKqHI19j-DOw,WTF1official,2.5,2023-11-21 16:17:00,2023-11-29 11:06:23,https://i.ytimg.com/vi/kJQP7kiw5Fk/hqdefault.jpg?sqp=-oaymwEcCPYBEIoBSFXyq4qpAw4IARUAAIhCGAFwAcABBg==&rs=AOn4CLC7mQvF1DbgLkymd5TjUQjWLbaJ3A,NaN,En,F1
UCE_LWXcsdp7cWbo4DR4ZA-A,Sciencedecomptoir,2.5,2023-11-21 18:17:00,2023-11-29 11:06:23,https://i.ytimg.com/vi/kJQP7kiw5Fk/hqdefault.jpg?sqp=-oaymwEcCPYBEIoBSFXyq4qpAw4IARUAAIhCGAFwAcABBg==&rs=AOn4CLC7mQvF1DbgLkymd5TjUQjWLbaJ3A,NaN,Fr,Science
UCE9nD0S1vE_XdtM5nsPCV7A,LaCapsuleBootcamp,2.5,2023-11-21 18:24:00,2023-11-29 11:06:23,https://i.ytimg.com/vi/kJQP7kiw5Fk/hqdefault.jpg?sqp=-oaymwEcCPYBEIoBSFXyq4qpAw4IARUAAIhCGAFwAcABBg==&rs=AOn4CLC7mQvF1DbgLkymd5TjUQjWLbaJ3A,NaN,Fr,School
UCEBb1b_L6zDS3xTUrIALZOw,mitocw,2.5,2023-11-21 18:24:00,2023-11-29 11:06:23,https://i.ytimg.com/vi/kJQP7kiw5Fk/hqdefault.jpg?sqp=-oaymwEcCPYBEIoBSFXyq4qpAw4IARUAAIhCGAFwAcABBg==&rs=AOn4CLC7mQvF1DbgLkymd5TjUQjWLbaJ3A,NaN,En,School
UCEEi1rclmzywXicV7JfPjWw,Meeea,2.5,2023-11-21 16:43:00,2023-11-29 11:06:23,https://i.ytimg.com/vi/kJQP7kiw5Fk/hqdefault.jpg?sqp=-oaymwEcCPYBEIoBSFXyq4qpAw4IARUAAIhCGAFwAcABBg==&rs=AOn4CLC7mQvF1DbgLkymd5TjUQjWLbaJ3A,NaN,Fr,Cinema
UCENv8pH4LkzvuSV_qHIcslg,Cestpassorcierofficiel,2.5,2023-11-21 18:33:00,2023-11-29 11:06:23,https://i.ytimg.com/vi/kJQP7kiw5Fk/hqdefault.jpg?sqp=-oaymwEcCPYBEIoBSFXyq4qpAw4IARUAAIhCGAFwAcABBg==&rs=AOn4CLC7mQvF1DbgLkymd5TjUQjWLbaJ3A,NaN,Fr,Science
UCeuZrCdpIY69XNWqn9OeSYQ,DagsHub,2.5,2023-11-21 18:17:00,2023-11-29 11:06:23,https://i.ytimg.com/vi/kJQP7kiw5Fk/hqdefault.jpg?sqp=-oaymwEcCPYBEIoBSFXyq4qpAw4IARUAAIhCGAFwAcABBg==&rs=AOn4CLC7mQvF1DbgLkymd5TjUQjWLbaJ3A,NaN,En,IA
UCfE1oQ47oqyJNzM-nFy_gjA,blowuplactualiteducinemaou121,2.5,2023-11-21 18:17:00,2023-11-29 11:06:23,https://i.ytimg.com/vi/kJQP7kiw5Fk/hqdefault.jpg?sqp=-oaymwEcCPYBEIoBSFXyq4qpAw4IARUAAIhCGAFwAcABBg==&rs=AOn4CLC7mQvF1DbgLkymd5TjUQjWLbaJ3A,NaN,Fr,Cinema
UCfipg1q2NsExNwfkPoRqZyQ,TheSkyline35,2.5,2023-11-21 18:21:00,2023-11-29 11:06:23,https://i.ytimg.com/vi/kJQP7kiw5Fk/hqdefault.jpg?sqp=-oaymwEcCPYBEIoBSFXyq4qpAw4IARUAAIhCGAFwAcABBg==&rs=AOn4CLC7mQvF1DbgLkymd5TjUQjWLbaJ3A,NaN,Fr,Fly
UCfj4kQ6_mYO5r4hzX5KloVw,beINSPORTSFrance,2.5,2023-11-21 16:19:00,2023-11-29 11:06:23,https://i.ytimg.com/vi/kJQP7kiw5Fk/hqdefault.jpg?sqp=-oaymwEcCPYBEIoBSFXyq4qpAw4IARUAAIhCGAFwAcABBg==&rs=AOn4CLC7mQvF1DbgLkymd5TjUQjWLbaJ3A,NaN,Fr,Sport
UCfqLgK5ajTbqY61mtNV_Agg,Science4allOrg,2.5,2023-11-21 18:31:00,2023-11-29 11:06:23,https://i.ytimg.com/vi/kJQP7kiw5Fk/hqdefault.jpg?sqp=-oaymwEcCPYBEIoBSFXyq4qpAw4IARUAAIhCGAFwAcABBg==&rs=AOn4CLC7mQvF1DbgLkymd5TjUQjWLbaJ3A,NaN,En,Science
UCFqV9b9ji8yIMw3GyNlueuA,PokerWinamax,2.5,2023-11-21 16:17:00,2023-11-29 11:06:23,https://i.ytimg.com/vi/kJQP7kiw5Fk/hqdefault.jpg?sqp=-oaymwEcCPYBEIoBSFXyq4qpAw4IARUAAIhCGAFwAcABBg==&rs=AOn4CLC7mQvF1DbgLkymd5TjUQjWLbaJ3A,NaN,Fr,Poker
UCfY6ovyFMaw30NRs-KrxrWw,zettabytesepfl9993,2.5,2023-11-21 18:31:00,2023-11-29 11:06:23,https://i.ytimg.com/vi/kJQP7kiw5Fk/hqdefault.jpg?sqp=-oaymwEcCPYBEIoBSFXyq4qpAw4IARUAAIhCGAFwAcABBg==&rs=AOn4CLC7mQvF1DbgLkymd5TjUQjWLbaJ3A,NaN,?,Code
UCGGrZas3bCSnnAKQ4Jstudg,GuitareJump,2.5,2023-11-21 16:24:00,2023-11-29 11:06:23,https://i.ytimg.com/vi/kJQP7kiw5Fk/hqdefault.jpg?sqp=-oaymwEcCPYBEIoBSFXyq4qpAw4IARUAAIhCGAFwAcABBg==&rs=AOn4CLC7mQvF1DbgLkymd5TjUQjWLbaJ3A,NaN,Fr,Guitar
UCgkhWgBGRp0sdFy2MHDWfSg,ElJj,2.5,2023-11-21 18:31:00,2023-11-29 11:06:23,https://i.ytimg.com/vi/kJQP7kiw5Fk/hqdefault.jpg?sqp=-oaymwEcCPYBEIoBSFXyq4qpAw4IARUAAIhCGAFwAcABBg==&rs=AOn4CLC7mQvF1DbgLkymd5TjUQjWLbaJ3A,NaN,Fr,Maths
UCgoxc-VKU0cw9BcM9z_qokg,frandroid,2.5,2023-11-21 16:23:00,2023-11-29 11:06:23,https://i.ytimg.com/vi/kJQP7kiw5Fk/hqdefault.jpg?sqp=-oaymwEcCPYBEIoBSFXyq4qpAw4IARUAAIhCGAFwAcABBg==&rs=AOn4CLC7mQvF1DbgLkymd5TjUQjWLbaJ3A,NaN,Fr,Tech
UCH6rAZUDfVIoVSJjm3vlcnw,LEspritSorcierOfficiel,2.5,2023-11-21 16:38:00,2023-11-29 11:06:23,https://i.ytimg.com/vi/kJQP7kiw5Fk/hqdefault.jpg?sqp=-oaymwEcCPYBEIoBSFXyq4qpAw4IARUAAIhCGAFwAcABBg==&rs=AOn4CLC7mQvF1DbgLkymd5TjUQjWLbaJ3A,NaN,Fr,Science
UChCDYcBCrb8tuPAO6e0P-Hw,LeWagon,2.5,2023-11-21 18:24:00,2023-11-29 11:06:23,https://i.ytimg.com/vi/kJQP7kiw5Fk/hqdefault.jpg?sqp=-oaymwEcCPYBEIoBSFXyq4qpAw4IARUAAIhCGAFwAcABBg==&rs=AOn4CLC7mQvF1DbgLkymd5TjUQjWLbaJ3A,NaN,?,School
UCHIqpj0ICijFCizjqUSuvvw,BricolageFacile,2.5,2023-11-21 18:41:00,2023-11-29 11:06:23,https://i.ytimg.com/vi/kJQP7kiw5Fk/hqdefault.jpg?sqp=-oaymwEcCPYBEIoBSFXyq4qpAw4IARUAAIhCGAFwAcABBg==&rs=AOn4CLC7mQvF1DbgLkymd5TjUQjWLbaJ3A,NaN,Fr,Bricole
UChjVBecXyrnluLxmbV-wswQ,ATECHUET,2.5,2023-11-21 16:29:00,2023-11-29 11:06:23,https://i.ytimg.com/vi/kJQP7kiw5Fk/hqdefault.jpg?sqp=-oaymwEcCPYBEIoBSFXyq4qpAw4IARUAAIhCGAFwAcABBg==&rs=AOn4CLC7mQvF1DbgLkymd5TjUQjWLbaJ3A,NaN,Fr,Fly
UCHkmaXC6ldOKBitB4xe449Q,DevenirPilote,2.5,2023-11-21 18:21:00,2023-11-29 11:06:23,https://i.ytimg.com/vi/kJQP7kiw5Fk/hqdefault.jpg?sqp=-oaymwEcCPYBEIoBSFXyq4qpAw4IARUAAIhCGAFwAcABBg==&rs=AOn4CLC7mQvF1DbgLkymd5TjUQjWLbaJ3A,NaN,Fr,Fly
UCHL0yzuBvMDqY2DVoKep3EQ,loperaetseszouz,2.5,2023-11-21 18:21:00,2023-11-29 11:06:23,https://i.ytimg.com/vi/kJQP7kiw5Fk/hqdefault.jpg?sqp=-oaymwEcCPYBEIoBSFXyq4qpAw4IARUAAIhCGAFwAcABBg==&rs=AOn4CLC7mQvF1DbgLkymd5TjUQjWLbaJ3A,NaN,Fr,Music
UCHlNU7kIZhRgSbhHvFoy72w,HuggingFace,2.5,2023-11-21 18:17:00,2023-11-29 11:06:23,https://i.ytimg.com/vi/kJQP7kiw5Fk/hqdefault.jpg?sqp=-oaymwEcCPYBEIoBSFXyq4qpAw4IARUAAIhCGAFwAcABBg==&rs=AOn4CLC7mQvF1DbgLkymd5TjUQjWLbaJ3A,NaN,En,IA
UChlTcWDE8gd4tsl_L727NrQ,Hasheur,2.5,2023-11-21 16:30:00,2023-11-29 11:06:23,https://i.ytimg.com/vi/kJQP7kiw5Fk/hqdefault.jpg?sqp=-oaymwEcCPYBEIoBSFXyq4qpAw4IARUAAIhCGAFwAcABBg==&rs=AOn4CLC7mQvF1DbgLkymd5TjUQjWLbaJ3A,NaN,Fr,Finance
UCHnyfMqiRRG1u-2MsSQLbXA,veritasium,2.5,2023-11-21 16:38:00,2023-11-29 11:06:23,https://i.ytimg.com/vi/kJQP7kiw5Fk/hqdefault.jpg?sqp=-oaymwEcCPYBEIoBSFXyq4qpAw4IARUAAIhCGAFwAcABBg==&rs=AOn4CLC7mQvF1DbgLkymd5TjUQjWLbaJ3A,NaN,En,Science
UCho9uPByw7z1mOhTqEnfWUA,blitzstreamfacile,2.5,2023-11-21 16:16:00,2023-11-29 11:06:23,https://i.ytimg.com/vi/kJQP7kiw5Fk/hqdefault.jpg?sqp=-oaymwEcCPYBEIoBSFXyq4qpAw4IARUAAIhCGAFwAcABBg==&rs=AOn4CLC7mQvF1DbgLkymd5TjUQjWLbaJ3A,NaN,Fr,Chess
UCHZ1ANeV4alqLuvGnZEQqIQ,investisseurpassionne,2.5,2023-11-21 18:41:00,2023-11-29 11:06:23,https://i.ytimg.com/vi/kJQP7kiw5Fk/hqdefault.jpg?sqp=-oaymwEcCPYBEIoBSFXyq4qpAw4IARUAAIhCGAFwAcABBg==&rs=AOn4CLC7mQvF1DbgLkymd5TjUQjWLbaJ3A,NaN,Fr,Finance
UCHzlOe7IGQ8QvHA1oeD2CQw,monsieurclavicule,2.5,2023-11-21 16:31:00,2023-11-29 11:06:23,https://i.ytimg.com/vi/kJQP7kiw5Fk/hqdefault.jpg?sqp=-oaymwEcCPYBEIoBSFXyq4qpAw4IARUAAIhCGAFwAcABBg==&rs=AOn4CLC7mQvF1DbgLkymd5TjUQjWLbaJ3A,NaN,Fr,Medical
UCI0vQvr9aFn27yR6Ej6n5UA,realpython,2.5,2023-11-21 16:33:00,2023-11-29 11:06:23,https://i.ytimg.com/vi/kJQP7kiw5Fk/hqdefault.jpg?sqp=-oaymwEcCPYBEIoBSFXyq4qpAw4IARUAAIhCGAFwAcABBg==&rs=AOn4CLC7mQvF1DbgLkymd5TjUQjWLbaJ3A,NaN,En,Python
UCiHAIS2qHFMNy2T3ESTpHNQ,JulienFlot,2.5,2023-11-21 16:23:00,2023-11-29 11:06:23,https://i.ytimg.com/vi/kJQP7kiw5Fk/hqdefault.jpg?sqp=-oaymwEcCPYBEIoBSFXyq4qpAw4IARUAAIhCGAFwAcABBg==&rs=AOn4CLC7mQvF1DbgLkymd5TjUQjWLbaJ3A,NaN,Fr,Finance
UCIHVyohXw6j2T-83-uLngEg,Gravenilvectuto,2.5,2023-11-21 16:42:00,2023-11-29 11:06:23,https://i.ytimg.com/vi/kJQP7kiw5Fk/hqdefault.jpg?sqp=-oaymwEcCPYBEIoBSFXyq4qpAw4IARUAAIhCGAFwAcABBg==&rs=AOn4CLC7mQvF1DbgLkymd5TjUQjWLbaJ3A,NaN,Fr,Code
UCIIq-MNFUrlgmrW5pBdNedQ,bienvenueaucabinet,2.5,2023-11-21 16:42:00,2023-11-29 11:06:23,https://i.ytimg.com/vi/kJQP7kiw5Fk/hqdefault.jpg?sqp=-oaymwEcCPYBEIoBSFXyq4qpAw4IARUAAIhCGAFwAcABBg==&rs=AOn4CLC7mQvF1DbgLkymd5TjUQjWLbaJ3A,NaN,Fr,Finance
UCiw_8x43hludK0PhuN9AJGg,DIMENSI0N,2.5,2023-11-21 18:31:00,2023-11-29 11:06:23,https://i.ytimg.com/vi/kJQP7kiw5Fk/hqdefault.jpg?sqp=-oaymwEcCPYBEIoBSFXyq4qpAw4IARUAAIhCGAFwAcABBg==&rs=AOn4CLC7mQvF1DbgLkymd5TjUQjWLbaJ3A,NaN,Fr,Science
UCiWrr_SnP8eK-_9yJWFzbEA,Surlechamp,2.5,2023-11-21 18:24:00,2023-11-29 11:06:23,https://i.ytimg.com/vi/kJQP7kiw5Fk/hqdefault.jpg?sqp=-oaymwEcCPYBEIoBSFXyq4qpAw4IARUAAIhCGAFwAcABBg==&rs=AOn4CLC7mQvF1DbgLkymd5TjUQjWLbaJ3A,NaN,Fr,History
UCj_iGliGCkLcHSZ8eqVNPDQ,grafikart,2.5,2023-11-21 16:21:00,2023-11-29 11:06:23,https://i.ytimg.com/vi/kJQP7kiw5Fk/hqdefault.jpg?sqp=-oaymwEcCPYBEIoBSFXyq4qpAw4IARUAAIhCGAFwAcABBg==&rs=AOn4CLC7mQvF1DbgLkymd5TjUQjWLbaJ3A,NaN,Fr,Code
UCJ7_Ld2cIVY5MM3NcKW3D8A,RisqueAlpha,2.5,2023-11-21 18:24:00,2023-11-29 11:06:23,https://i.ytimg.com/vi/kJQP7kiw5Fk/hqdefault.jpg?sqp=-oaymwEcCPYBEIoBSFXyq4qpAw4IARUAAIhCGAFwAcABBg==&rs=AOn4CLC7mQvF1DbgLkymd5TjUQjWLbaJ3A,NaN,Fr,Stats
UCJbPGzawDH1njbqV-D5HqKw,thenewboston,2.5,2023-11-21 18:17:00,2023-11-29 11:06:23,https://i.ytimg.com/vi/kJQP7kiw5Fk/hqdefault.jpg?sqp=-oaymwEcCPYBEIoBSFXyq4qpAw4IARUAAIhCGAFwAcABBg==&rs=AOn4CLC7mQvF1DbgLkymd5TjUQjWLbaJ3A,NaN,En,Code
UCjDg7LaaMzmuhj6I1jTzb1Q,DeveloppeurLibre,2.5,2023-11-21 18:41:00,2023-11-29 11:06:23,https://i.ytimg.com/vi/kJQP7kiw5Fk/hqdefault.jpg?sqp=-oaymwEcCPYBEIoBSFXyq4qpAw4IARUAAIhCGAFwAcABBg==&rs=AOn4CLC7mQvF1DbgLkymd5TjUQjWLbaJ3A,NaN,Fr,Business
UCJEZqCflPp4GMw9ezZEGuFQ,epenseraussi,2.5,2023-11-21 16:14:00,2023-11-29 11:06:23,https://i.ytimg.com/vi/kJQP7kiw5Fk/hqdefault.jpg?sqp=-oaymwEcCPYBEIoBSFXyq4qpAw4IARUAAIhCGAFwAcABBg==&rs=AOn4CLC7mQvF1DbgLkymd5TjUQjWLbaJ3A,NaN,Fr,Science
UCJS9pqu9BzkAMNTmzNMNhvg,googlecloudtech,2.5,2023-11-21 18:34:00,2023-11-29 11:06:23,https://i.ytimg.com/vi/kJQP7kiw5Fk/hqdefault.jpg?sqp=-oaymwEcCPYBEIoBSFXyq4qpAw4IARUAAIhCGAFwAcABBg==&rs=AOn4CLC7mQvF1DbgLkymd5TjUQjWLbaJ3A,NaN,En,Code
UCjsHDXUU3BjBCG7OaCbNDyQ,LeSenseOfWonder,2.5,2023-11-21 18:33:00,2023-11-29 11:06:23,https://i.ytimg.com/vi/kJQP7kiw5Fk/hqdefault.jpg?sqp=-oaymwEcCPYBEIoBSFXyq4qpAw4IARUAAIhCGAFwAcABBg==&rs=AOn4CLC7mQvF1DbgLkymd5TjUQjWLbaJ3A,NaN,Fr,Science
UCjylyKydCPV2pK6j5aB92wg,Blitzstream-Rediff,2.5,2023-11-21 16:20:00,2023-11-29 11:06:23,https://i.ytimg.com/vi/kJQP7kiw5Fk/hqdefault.jpg?sqp=-oaymwEcCPYBEIoBSFXyq4qpAw4IARUAAIhCGAFwAcABBg==&rs=AOn4CLC7mQvF1DbgLkymd5TjUQjWLbaJ3A,NaN,Fr,Chess
UCk8nwwBG9rw74CwOzZ2SlZA,AlphaBody,2.5,2023-11-21 18:43:00,2023-11-29 11:06:23,https://i.ytimg.com/vi/kJQP7kiw5Fk/hqdefault.jpg?sqp=-oaymwEcCPYBEIoBSFXyq4qpAw4IARUAAIhCGAFwAcABBg==&rs=AOn4CLC7mQvF1DbgLkymd5TjUQjWLbaJ3A,NaN,?,Muscle
UCkJdvwRC-oGPhRHW_XPNokg,HangingPawns,2.5,2023-11-21 16:17:00,2023-11-29 11:06:23,https://i.ytimg.com/vi/kJQP7kiw5Fk/hqdefault.jpg?sqp=-oaymwEcCPYBEIoBSFXyq4qpAw4IARUAAIhCGAFwAcABBg==&rs=AOn4CLC7mQvF1DbgLkymd5TjUQjWLbaJ3A,NaN,En,Chess
UCKjDY4joMPcoRMmd-G1yz1Q,manonbrilcuah,2.5,2023-11-21 18:24:00,2023-11-29 11:06:23,https://i.ytimg.com/vi/kJQP7kiw5Fk/hqdefault.jpg?sqp=-oaymwEcCPYBEIoBSFXyq4qpAw4IARUAAIhCGAFwAcABBg==&rs=AOn4CLC7mQvF1DbgLkymd5TjUQjWLbaJ3A,NaN,Fr,History
UCkMsSGlEMPRxhqvGj6qeucQ,12Parsecs,2.5,2023-11-21 18:23:00,2023-11-29 11:06:23,https://i.ytimg.com/vi/kJQP7kiw5Fk/hqdefault.jpg?sqp=-oaymwEcCPYBEIoBSFXyq4qpAw4IARUAAIhCGAFwAcABBg==&rs=AOn4CLC7mQvF1DbgLkymd5TjUQjWLbaJ3A,NaN,Fr,Science
UCKtG_lXZk4pRJkapfK0eprA,artetumourrasmoinsbete,2.5,2023-11-21 16:39:00,2023-11-29 11:06:23,https://i.ytimg.com/vi/kJQP7kiw5Fk/hqdefault.jpg?sqp=-oaymwEcCPYBEIoBSFXyq4qpAw4IARUAAIhCGAFwAcABBg==&rs=AOn4CLC7mQvF1DbgLkymd5TjUQjWLbaJ3A,NaN,Fr,Science
UCkw4JCwteGrDHIsyIIKo4tQ,edurekaIN,2.5,2023-11-21 16:21:00,2023-11-29 11:06:23,https://i.ytimg.com/vi/kJQP7kiw5Fk/hqdefault.jpg?sqp=-oaymwEcCPYBEIoBSFXyq4qpAw4IARUAAIhCGAFwAcABBg==&rs=AOn4CLC7mQvF1DbgLkymd5TjUQjWLbaJ3A,NaN,En,Code
UCL-ezeqTFL5i463ueWb-IJw,chesscomFR,2.5,2023-11-21 16:09:00,2023-11-29 11:06:23,https://i.ytimg.com/vi/kJQP7kiw5Fk/hqdefault.jpg?sqp=-oaymwEcCPYBEIoBSFXyq4qpAw4IARUAAIhCGAFwAcABBg==&rs=AOn4CLC7mQvF1DbgLkymd5TjUQjWLbaJ3A,NaN,En,Chess
UCL7Pt2ljknkxrFHZC6k8ZTg,moocnsi,2.5,2023-11-21 18:17:00,2023-11-29 11:06:23,https://i.ytimg.com/vi/kJQP7kiw5Fk/hqdefault.jpg?sqp=-oaymwEcCPYBEIoBSFXyq4qpAw4IARUAAIhCGAFwAcABBg==&rs=AOn4CLC7mQvF1DbgLkymd5TjUQjWLbaJ3A,NaN,Fr,School
UCLA_DiR1FfKNvjuUpBHmylQ,NASA,2.5,2023-11-21 16:09:00,2023-11-29 11:06:23,https://i.ytimg.com/vi/kJQP7kiw5Fk/hqdefault.jpg?sqp=-oaymwEcCPYBEIoBSFXyq4qpAw4IARUAAIhCGAFwAcABBg==&rs=AOn4CLC7mQvF1DbgLkymd5TjUQjWLbaJ3A,NaN,En,Space
UClEhO-4_6xzQ_Y9Xo22KGjA,PianoWithJonny,2.5,2023-11-21 16:22:00,2023-11-29 11:06:23,https://i.ytimg.com/vi/kJQP7kiw5Fk/hqdefault.jpg?sqp=-oaymwEcCPYBEIoBSFXyq4qpAw4IARUAAIhCGAFwAcABBg==&rs=AOn4CLC7mQvF1DbgLkymd5TjUQjWLbaJ3A,NaN,En,Piano
UCLEUKqhGX-PrMLPJhB-jS9Q,HarmonieetPiano,2.5,2023-11-21 16:30:00,2023-11-29 11:06:23,https://i.ytimg.com/vi/kJQP7kiw5Fk/hqdefault.jpg?sqp=-oaymwEcCPYBEIoBSFXyq4qpAw4IARUAAIhCGAFwAcABBg==&rs=AOn4CLC7mQvF1DbgLkymd5TjUQjWLbaJ3A,NaN,Fr,Piano
UClFmEmqGurJjeH0JEdw0GDw,LeCalibre,2.5,2023-11-21 16:42:00,2023-11-29 11:06:23,https://i.ytimg.com/vi/kJQP7kiw5Fk/hqdefault.jpg?sqp=-oaymwEcCPYBEIoBSFXyq4qpAw4IARUAAIhCGAFwAcABBg==&rs=AOn4CLC7mQvF1DbgLkymd5TjUQjWLbaJ3A,NaN,Fr,Watch
UCLOAPb7ATQUs_nDs9ViLcMw,BenjaminCode,2.5,2023-11-21 18:41:00,2023-11-29 11:06:23,https://i.ytimg.com/vi/kJQP7kiw5Fk/hqdefault.jpg?sqp=-oaymwEcCPYBEIoBSFXyq4qpAw4IARUAAIhCGAFwAcABBg==&rs=AOn4CLC7mQvF1DbgLkymd5TjUQjWLbaJ3A,NaN,Fr,Code
UCLXDNUOO3EQ80VmD9nQBHPg,Fouloscopie,2.5,2023-11-21 16:36:00,2023-11-29 11:06:23,https://i.ytimg.com/vi/kJQP7kiw5Fk/hqdefault.jpg?sqp=-oaymwEcCPYBEIoBSFXyq4qpAw4IARUAAIhCGAFwAcABBg==&rs=AOn4CLC7mQvF1DbgLkymd5TjUQjWLbaJ3A,NaN,Fr,Science
UCm5wThREh298TkK8hCT9HuA,datagueule,2.5,2023-11-21 18:24:00,2023-11-29 11:06:23,https://i.ytimg.com/vi/kJQP7kiw5Fk/hqdefault.jpg?sqp=-oaymwEcCPYBEIoBSFXyq4qpAw4IARUAAIhCGAFwAcABBg==&rs=AOn4CLC7mQvF1DbgLkymd5TjUQjWLbaJ3A,NaN,Fr,Data
UCm7aLHKeFtueIENAI5Mpf7A,InstinctGuitare,2.5,2023-11-21 16:33:00,2023-11-29 11:06:23,https://i.ytimg.com/vi/kJQP7kiw5Fk/hqdefault.jpg?sqp=-oaymwEcCPYBEIoBSFXyq4qpAw4IARUAAIhCGAFwAcABBg==&rs=AOn4CLC7mQvF1DbgLkymd5TjUQjWLbaJ3A,NaN,Fr,Guitar
UCmBZ2gR3uyWYdzvCZREJ24w,pianolouange1059,2.5,2023-11-21 18:23:00,2023-11-29 11:06:23,https://i.ytimg.com/vi/kJQP7kiw5Fk/hqdefault.jpg?sqp=-oaymwEcCPYBEIoBSFXyq4qpAw4IARUAAIhCGAFwAcABBg==&rs=AOn4CLC7mQvF1DbgLkymd5TjUQjWLbaJ3A,NaN,Fr,Piano
UCMFcMhePnH4onVHt2-ItPZw,HygieneMentale,2.5,2023-11-21 18:24:00,2023-11-29 11:06:23,https://i.ytimg.com/vi/kJQP7kiw5Fk/hqdefault.jpg?sqp=-oaymwEcCPYBEIoBSFXyq4qpAw4IARUAAIhCGAFwAcABBg==&rs=AOn4CLC7mQvF1DbgLkymd5TjUQjWLbaJ3A,NaN,Fr,Sceptic
UCmm1zwh36e_WN1E7_-4j1Bw,AnanasMuscle,2.5,2023-11-21 18:43:00,2023-11-29 11:06:23,https://i.ytimg.com/vi/kJQP7kiw5Fk/hqdefault.jpg?sqp=-oaymwEcCPYBEIoBSFXyq4qpAw4IARUAAIhCGAFwAcABBg==&rs=AOn4CLC7mQvF1DbgLkymd5TjUQjWLbaJ3A,NaN,Fr,Muscle
UCmpptkXu8iIFe6kfDK5o7VQ,MachineLearnia,2.5,2023-11-21 16:45:00,2023-11-29 11:06:23,https://i.ytimg.com/vi/kJQP7kiw5Fk/hqdefault.jpg?sqp=-oaymwEcCPYBEIoBSFXyq4qpAw4IARUAAIhCGAFwAcABBg==&rs=AOn4CLC7mQvF1DbgLkymd5TjUQjWLbaJ3A,NaN,Fr,Python
UCMsa7d7RleWlicVj2ZjfP5A,AlphaFloor320,2.5,2023-11-21 18:21:00,2023-11-29 11:06:23,https://i.ytimg.com/vi/kJQP7kiw5Fk/hqdefault.jpg?sqp=-oaymwEcCPYBEIoBSFXyq4qpAw4IARUAAIhCGAFwAcABBg==&rs=AOn4CLC7mQvF1DbgLkymd5TjUQjWLbaJ3A,NaN,Fr,Fly
UCmvSTbXOOvxXj26vvQBasXg,LibreRiche,2.5,2023-11-21 16:24:00,2023-11-29 11:06:23,https://i.ytimg.com/vi/kJQP7kiw5Fk/hqdefault.jpg?sqp=-oaymwEcCPYBEIoBSFXyq4qpAw4IARUAAIhCGAFwAcABBg==&rs=AOn4CLC7mQvF1DbgLkymd5TjUQjWLbaJ3A,NaN,Fr,Finance
UCmypMSIqPi4uMH1a75dzmzA,victorferrybusinessnews,2.5,2023-11-21 16:22:00,2023-11-29 11:06:23,https://i.ytimg.com/vi/kJQP7kiw5Fk/hqdefault.jpg?sqp=-oaymwEcCPYBEIoBSFXyq4qpAw4IARUAAIhCGAFwAcABBg==&rs=AOn4CLC7mQvF1DbgLkymd5TjUQjWLbaJ3A,NaN,Fr,Finance
UCN4TCCaX-gqBNkrUqXdgGRA,lhistoirenousledira,2.5,2023-11-21 18:17:00,2023-11-29 11:06:23,https://i.ytimg.com/vi/kJQP7kiw5Fk/hqdefault.jpg?sqp=-oaymwEcCPYBEIoBSFXyq4qpAw4IARUAAIhCGAFwAcABBg==&rs=AOn4CLC7mQvF1DbgLkymd5TjUQjWLbaJ3A,NaN,Fr,History
UCNb5m2Pt75dpjNnjIzNylqA,FabienOlicardLadeuxiemechaine,2.5,2023-11-21 16:47:00,2023-11-29 11:06:23,https://i.ytimg.com/vi/kJQP7kiw5Fk/hqdefault.jpg?sqp=-oaymwEcCPYBEIoBSFXyq4qpAw4IARUAAIhCGAFwAcABBg==&rs=AOn4CLC7mQvF1DbgLkymd5TjUQjWLbaJ3A,NaN,Fr,Misc.
UCNbfqCkmHEyf1CVKjuhEW_A,DataEngUncomplicated,2.5,2023-11-21 18:43:00,2023-11-29 11:06:23,https://i.ytimg.com/vi/kJQP7kiw5Fk/hqdefault.jpg?sqp=-oaymwEcCPYBEIoBSFXyq4qpAw4IARUAAIhCGAFwAcABBg==&rs=AOn4CLC7mQvF1DbgLkymd5TjUQjWLbaJ3A,NaN,En,Data
UCnEHCrot2HkySxMTmDPhZyg,DefendIntelligence,2.5,2023-11-21 18:17:00,2023-11-29 11:06:23,https://i.ytimg.com/vi/kJQP7kiw5Fk/hqdefault.jpg?sqp=-oaymwEcCPYBEIoBSFXyq4qpAw4IARUAAIhCGAFwAcABBg==&rs=AOn4CLC7mQvF1DbgLkymd5TjUQjWLbaJ3A,NaN,?,Code
UCnhQ5SA61OxuCMuds-lltDg,ecoledepilotagevirtuelle739,2.5,2023-11-21 18:21:00,2023-11-29 11:06:23,https://i.ytimg.com/vi/kJQP7kiw5Fk/hqdefault.jpg?sqp=-oaymwEcCPYBEIoBSFXyq4qpAw4IARUAAIhCGAFwAcABBg==&rs=AOn4CLC7mQvF1DbgLkymd5TjUQjWLbaJ3A,NaN,Fr,Cars
UCNomA5Zdzq9_TkYxDBiov2w,blablalinux,2.5,2023-11-21 18:21:00,2023-11-29 11:06:23,https://i.ytimg.com/vi/kJQP7kiw5Fk/hqdefault.jpg?sqp=-oaymwEcCPYBEIoBSFXyq4qpAw4IARUAAIhCGAFwAcABBg==&rs=AOn4CLC7mQvF1DbgLkymd5TjUQjWLbaJ3A,NaN,Fr,Tech
UCnRgwMa5Y3qgnHeHQwyQJUQ,YannDarwin,2.5,2023-11-21 16:14:00,2023-11-29 11:06:23,https://i.ytimg.com/vi/kJQP7kiw5Fk/hqdefault.jpg?sqp=-oaymwEcCPYBEIoBSFXyq4qpAw4IARUAAIhCGAFwAcABBg==&rs=AOn4CLC7mQvF1DbgLkymd5TjUQjWLbaJ3A,NaN,Fr,Finance
UCnVzApLJE2ljPZSeQylSEyg,dataschool,2.5,2023-11-21 16:45:00,2023-11-29 11:06:23,https://i.ytimg.com/vi/kJQP7kiw5Fk/hqdefault.jpg?sqp=-oaymwEcCPYBEIoBSFXyq4qpAw4IARUAAIhCGAFwAcABBg==&rs=AOn4CLC7mQvF1DbgLkymd5TjUQjWLbaJ3A,NaN,En,Data
UCNYcuzbpukVEbSC_vSZ23ag,Guitarplugandplay,2.5,2023-11-21 18:21:00,2023-11-29 11:06:23,https://i.ytimg.com/vi/kJQP7kiw5Fk/hqdefault.jpg?sqp=-oaymwEcCPYBEIoBSFXyq4qpAw4IARUAAIhCGAFwAcABBg==&rs=AOn4CLC7mQvF1DbgLkymd5TjUQjWLbaJ3A,NaN,Fr,Guitar
UCNzY0iQB1T1hzoO4zHEK5Eg,Ironquest,2.5,2023-11-21 16:33:00,2023-11-29 11:06:23,https://i.ytimg.com/vi/kJQP7kiw5Fk/hqdefault.jpg?sqp=-oaymwEcCPYBEIoBSFXyq4qpAw4IARUAAIhCGAFwAcABBg==&rs=AOn4CLC7mQvF1DbgLkymd5TjUQjWLbaJ3A,NaN,Fr,Muscle
UCo2zkK2d_frGSXctIkftALw,Docstring,2.5,2023-11-21 16:45:00,2023-11-29 11:06:23,https://i.ytimg.com/vi/kJQP7kiw5Fk/hqdefault.jpg?sqp=-oaymwEcCPYBEIoBSFXyq4qpAw4IARUAAIhCGAFwAcABBg==&rs=AOn4CLC7mQvF1DbgLkymd5TjUQjWLbaJ3A,NaN,Fr,Python
UCo4pMCeqy3BIuVo82bJxWbg,gillesvk,2.5,2023-11-21 16:40:00,2023-11-29 11:06:23,https://i.ytimg.com/vi/kJQP7kiw5Fk/hqdefault.jpg?sqp=-oaymwEcCPYBEIoBSFXyq4qpAw4IARUAAIhCGAFwAcABBg==&rs=AOn4CLC7mQvF1DbgLkymd5TjUQjWLbaJ3A,NaN,Fr,Agriculture
UCOchT7ZJ4TXe3stdLW1Sfxw,DansTonCorps,2.5,2023-11-21 16:31:00,2023-11-29 11:06:23,https://i.ytimg.com/vi/kJQP7kiw5Fk/hqdefault.jpg?sqp=-oaymwEcCPYBEIoBSFXyq4qpAw4IARUAAIhCGAFwAcABBg==&rs=AOn4CLC7mQvF1DbgLkymd5TjUQjWLbaJ3A,NaN,Fr,Medical
UCoincaYNa5FBdi-I5oqHAMw,LeCoinStat,2.5,2023-11-21 16:30:00,2023-11-29 11:06:23,https://i.ytimg.com/vi/kJQP7kiw5Fk/hqdefault.jpg?sqp=-oaymwEcCPYBEIoBSFXyq4qpAw4IARUAAIhCGAFwAcABBg==&rs=AOn4CLC7mQvF1DbgLkymd5TjUQjWLbaJ3A,NaN,Fr,Stats
UCOixknKUV8AaCA5uaaBY0Bw,CnesFrance,2.5,2023-11-21 18:17:00,2023-11-29 11:06:23,https://i.ytimg.com/vi/kJQP7kiw5Fk/hqdefault.jpg?sqp=-oaymwEcCPYBEIoBSFXyq4qpAw4IARUAAIhCGAFwAcABBg==&rs=AOn4CLC7mQvF1DbgLkymd5TjUQjWLbaJ3A,NaN,Fr,Science
UCOjD18EJYcsBog4IozkF_7w,PyDataTV,2.5,2023-11-21 18:17:00,2023-11-29 11:06:23,https://i.ytimg.com/vi/kJQP7kiw5Fk/hqdefault.jpg?sqp=-oaymwEcCPYBEIoBSFXyq4qpAw4IARUAAIhCGAFwAcABBg==&rs=AOn4CLC7mQvF1DbgLkymd5TjUQjWLbaJ3A,NaN,En,Python
UCOKcrwBlmIHL-fdVpU7dJ9w,clemententretemps,2.5,2023-11-21 16:30:00,2023-11-29 11:06:23,https://i.ytimg.com/vi/kJQP7kiw5Fk/hqdefault.jpg?sqp=-oaymwEcCPYBEIoBSFXyq4qpAw4IARUAAIhCGAFwAcABBg==&rs=AOn4CLC7mQvF1DbgLkymd5TjUQjWLbaJ3A,NaN,Fr,Watch
UCOuIgj0CYCXCvjWywjDbauw,ChatSceptique,2.5,2023-11-21 18:21:00,2023-11-29 11:06:23,https://i.ytimg.com/vi/kJQP7kiw5Fk/hqdefault.jpg?sqp=-oaymwEcCPYBEIoBSFXyq4qpAw4IARUAAIhCGAFwAcABBg==&rs=AOn4CLC7mQvF1DbgLkymd5TjUQjWLbaJ3A,NaN,Fr,Stats
UCoxcjq-8xIDTYp3uz647V5A,numberphile,2.5,2023-11-21 18:24:00,2023-11-29 11:06:23,https://i.ytimg.com/vi/kJQP7kiw5Fk/hqdefault.jpg?sqp=-oaymwEcCPYBEIoBSFXyq4qpAw4IARUAAIhCGAFwAcABBg==&rs=AOn4CLC7mQvF1DbgLkymd5TjUQjWLbaJ3A,NaN,En,Maths
UCP46_MXP_WG_auH88FnfS1A,notabenemovies,2.5,2023-11-21 16:20:00,2023-11-29 11:06:23,https://i.ytimg.com/vi/kJQP7kiw5Fk/hqdefault.jpg?sqp=-oaymwEcCPYBEIoBSFXyq4qpAw4IARUAAIhCGAFwAcABBg==&rs=AOn4CLC7mQvF1DbgLkymd5TjUQjWLbaJ3A,NaN,Fr,History
UCp8CElQTorSmhH_jVgSSv5g,EcranLargeVideos,2.5,2023-11-21 18:17:00,2023-11-29 11:06:23,https://i.ytimg.com/vi/kJQP7kiw5Fk/hqdefault.jpg?sqp=-oaymwEcCPYBEIoBSFXyq4qpAw4IARUAAIhCGAFwAcABBg==&rs=AOn4CLC7mQvF1DbgLkymd5TjUQjWLbaJ3A,NaN,Fr,Cinema
UCPJJkwm48LGt7LC6tUZMWZQ,EricFlag,2.5,2023-11-21 18:43:00,2023-11-29 11:06:23,https://i.ytimg.com/vi/kJQP7kiw5Fk/hqdefault.jpg?sqp=-oaymwEcCPYBEIoBSFXyq4qpAw4IARUAAIhCGAFwAcABBg==&rs=AOn4CLC7mQvF1DbgLkymd5TjUQjWLbaJ3A,NaN,Fr,Muscle
UCpWaR3gNAQGsX48cIlQC0qw,TiboInShape,2.5,2023-11-21 18:33:00,2023-11-29 11:06:23,https://i.ytimg.com/vi/kJQP7kiw5Fk/hqdefault.jpg?sqp=-oaymwEcCPYBEIoBSFXyq4qpAw4IARUAAIhCGAFwAcABBg==&rs=AOn4CLC7mQvF1DbgLkymd5TjUQjWLbaJ3A,NaN,Fr,Muscle
UCq-8pBMM3I40QlrhM9ExXJQ,TroncheEnBiais,2.5,2023-11-21 16:31:00,2023-11-29 11:06:23,https://i.ytimg.com/vi/kJQP7kiw5Fk/hqdefault.jpg?sqp=-oaymwEcCPYBEIoBSFXyq4qpAw4IARUAAIhCGAFwAcABBg==&rs=AOn4CLC7mQvF1DbgLkymd5TjUQjWLbaJ3A,NaN,Fr,Sceptic
UCqA8H22FwgBVcF3GJpp0MQw,MonsieurPhi,2.5,2023-11-21 18:24:00,2023-11-29 11:06:23,https://i.ytimg.com/vi/kJQP7kiw5Fk/hqdefault.jpg?sqp=-oaymwEcCPYBEIoBSFXyq4qpAw4IARUAAIhCGAFwAcABBg==&rs=AOn4CLC7mQvF1DbgLkymd5TjUQjWLbaJ3A,NaN,Fr,Philo
UCQgWpmt02UtJkyO32HGUASQ,thinkerview,2.5,2023-11-21 16:39:00,2023-11-29 11:06:23,https://i.ytimg.com/vi/kJQP7kiw5Fk/hqdefault.jpg?sqp=-oaymwEcCPYBEIoBSFXyq4qpAw4IARUAAIhCGAFwAcABBg==&rs=AOn4CLC7mQvF1DbgLkymd5TjUQjWLbaJ3A,NaN,Fr,Misc.
UCqiy7013kv1hFGOuPJ6gVaA,TEDx,2.5,2023-11-21 16:23:00,2023-11-29 11:06:23,https://i.ytimg.com/vi/kJQP7kiw5Fk/hqdefault.jpg?sqp=-oaymwEcCPYBEIoBSFXyq4qpAw4IARUAAIhCGAFwAcABBg==&rs=AOn4CLC7mQvF1DbgLkymd5TjUQjWLbaJ3A,NaN,Fr,Misc.
UCqr7gTprPLbkapVRIp-f-_Q,JeremyFerrari,2.5,2023-11-21 16:46:00,2023-11-29 11:06:23,https://i.ytimg.com/vi/kJQP7kiw5Fk/hqdefault.jpg?sqp=-oaymwEcCPYBEIoBSFXyq4qpAw4IARUAAIhCGAFwAcABBg==&rs=AOn4CLC7mQvF1DbgLkymd5TjUQjWLbaJ3A,NaN,Fr,Humour
UCqrxDV9EPOlI1YMhzIPed2g,processusthief,2.5,2023-11-21 18:21:00,2023-11-29 11:06:23,https://i.ytimg.com/vi/kJQP7kiw5Fk/hqdefault.jpg?sqp=-oaymwEcCPYBEIoBSFXyq4qpAw4IARUAAIhCGAFwAcABBg==&rs=AOn4CLC7mQvF1DbgLkymd5TjUQjWLbaJ3A,NaN,Fr,Hack
UCrbbgYjbrXVYRM_iRGEDqFw,NotaBonus,2.5,2023-11-21 16:20:00,2023-11-29 11:06:23,https://i.ytimg.com/vi/kJQP7kiw5Fk/hqdefault.jpg?sqp=-oaymwEcCPYBEIoBSFXyq4qpAw4IARUAAIhCGAFwAcABBg==&rs=AOn4CLC7mQvF1DbgLkymd5TjUQjWLbaJ3A,NaN,Fr,History
UCrHXK2A9JtiexqwHuWGeSMg,CERN,2.5,2023-11-21 18:33:00,2023-11-29 11:06:23,https://i.ytimg.com/vi/kJQP7kiw5Fk/hqdefault.jpg?sqp=-oaymwEcCPYBEIoBSFXyq4qpAw4IARUAAIhCGAFwAcABBg==&rs=AOn4CLC7mQvF1DbgLkymd5TjUQjWLbaJ3A,NaN,En,Science
UCrtskh5sCcKFW6s1mPHr0Uw,cahierdupianiste,2.5,2023-11-21 16:38:00,2023-11-29 11:06:23,https://i.ytimg.com/vi/kJQP7kiw5Fk/hqdefault.jpg?sqp=-oaymwEcCPYBEIoBSFXyq4qpAw4IARUAAIhCGAFwAcABBg==&rs=AOn4CLC7mQvF1DbgLkymd5TjUQjWLbaJ3A,NaN,Fr,Piano
UCS_7tplUgzJG4DhA16re5Yg,BaladeMentale,2.5,2023-11-21 18:24:00,2023-11-29 11:06:23,https://i.ytimg.com/vi/kJQP7kiw5Fk/hqdefault.jpg?sqp=-oaymwEcCPYBEIoBSFXyq4qpAw4IARUAAIhCGAFwAcABBg==&rs=AOn4CLC7mQvF1DbgLkymd5TjUQjWLbaJ3A,NaN,Fr,Science
UCs_AZuYXi6NA9tkdbhjItHQ,xavki,2.5,2023-11-21 16:22:00,2023-11-29 11:06:23,https://i.ytimg.com/vi/kJQP7kiw5Fk/hqdefault.jpg?sqp=-oaymwEcCPYBEIoBSFXyq4qpAw4IARUAAIhCGAFwAcABBg==&rs=AOn4CLC7mQvF1DbgLkymd5TjUQjWLbaJ3A,NaN,Fr,Code
UCs-PheMX3uESKoKWvSvIMbg,hamiltonaraujo,2.5,2023-11-21 18:17:00,2023-11-29 11:06:23,https://i.ytimg.com/vi/kJQP7kiw5Fk/hqdefault.jpg?sqp=-oaymwEcCPYBEIoBSFXyq4qpAw4IARUAAIhCGAFwAcABBg==&rs=AOn4CLC7mQvF1DbgLkymd5TjUQjWLbaJ3A,NaN,Fr,Maths
UCS0vS10KAA2e7wWuUWvorNw,aureliechevalierpiano,2.5,2023-11-21 18:23:00,2023-11-29 11:06:23,https://i.ytimg.com/vi/kJQP7kiw5Fk/hqdefault.jpg?sqp=-oaymwEcCPYBEIoBSFXyq4qpAw4IARUAAIhCGAFwAcABBg==&rs=AOn4CLC7mQvF1DbgLkymd5TjUQjWLbaJ3A,NaN,?,Piano
UCs7iu-oRf40iuX-3kO-4msg,Andre.Manoukian,2.5,2023-11-21 18:23:00,2023-11-29 11:06:23,https://i.ytimg.com/vi/kJQP7kiw5Fk/hqdefault.jpg?sqp=-oaymwEcCPYBEIoBSFXyq4qpAw4IARUAAIhCGAFwAcABBg==&rs=AOn4CLC7mQvF1DbgLkymd5TjUQjWLbaJ3A,NaN,Fr,Music
UCSKdvgqdnj72_SLggp7BDTg,BrutFR,2.5,2023-11-21 16:14:00,2023-11-29 11:06:23,https://i.ytimg.com/vi/kJQP7kiw5Fk/hqdefault.jpg?sqp=-oaymwEcCPYBEIoBSFXyq4qpAw4IARUAAIhCGAFwAcABBg==&rs=AOn4CLC7mQvF1DbgLkymd5TjUQjWLbaJ3A,NaN,Fr,NewsFR
UCSLpcEc3Q9njl2BMVjHdBHA,Alexandre-ToutpourmaSante,2.5,2023-11-21 18:41:00,2023-11-29 11:06:23,https://i.ytimg.com/vi/kJQP7kiw5Fk/hqdefault.jpg?sqp=-oaymwEcCPYBEIoBSFXyq4qpAw4IARUAAIhCGAFwAcABBg==&rs=AOn4CLC7mQvF1DbgLkymd5TjUQjWLbaJ3A,NaN,?,Medical
UCsM4_jihNFYe4CtSkXvDR-Q,permacultureetc,2.5,2023-11-21 16:37:00,2023-11-29 11:06:23,https://i.ytimg.com/vi/kJQP7kiw5Fk/hqdefault.jpg?sqp=-oaymwEcCPYBEIoBSFXyq4qpAw4IARUAAIhCGAFwAcABBg==&rs=AOn4CLC7mQvF1DbgLkymd5TjUQjWLbaJ3A,NaN,Fr,Agriculture
UCSmUdD2Dd_v5uqBuRwtEZug,MarketingMania,2.5,2023-11-21 18:21:00,2023-11-29 11:06:23,https://i.ytimg.com/vi/kJQP7kiw5Fk/hqdefault.jpg?sqp=-oaymwEcCPYBEIoBSFXyq4qpAw4IARUAAIhCGAFwAcABBg==&rs=AOn4CLC7mQvF1DbgLkymd5TjUQjWLbaJ3A,NaN,Fr,Business
UCsnRkRtbTyISkfGTGwM7VfQ,MajorMouvement,2.5,2023-11-21 18:43:00,2023-11-29 11:06:23,https://i.ytimg.com/vi/kJQP7kiw5Fk/hqdefault.jpg?sqp=-oaymwEcCPYBEIoBSFXyq4qpAw4IARUAAIhCGAFwAcABBg==&rs=AOn4CLC7mQvF1DbgLkymd5TjUQjWLbaJ3A,NaN,Fr,Muscle
UCSO-j_Rg4gf_Wpsjf4MSLyw,Exo7Math,2.5,2023-11-21 18:31:00,2023-11-29 11:06:23,https://i.ytimg.com/vi/kJQP7kiw5Fk/hqdefault.jpg?sqp=-oaymwEcCPYBEIoBSFXyq4qpAw4IARUAAIhCGAFwAcABBg==&rs=AOn4CLC7mQvF1DbgLkymd5TjUQjWLbaJ3A,NaN,Fr,Maths
UCsRIv1fsbnQRIPKmUQbRzZg,KhaosFarbautiIbnOblivion,2.5,2023-11-21 16:29:00,2023-11-29 11:06:23,https://i.ytimg.com/vi/kJQP7kiw5Fk/hqdefault.jpg?sqp=-oaymwEcCPYBEIoBSFXyq4qpAw4IARUAAIhCGAFwAcABBg==&rs=AOn4CLC7mQvF1DbgLkymd5TjUQjWLbaJ3A,NaN,Fr,Hack
UCsrVDPJBYeXItETFHG0qzyw,WebDevCody,2.5,2023-11-21 16:29:00,2023-11-29 11:06:23,https://i.ytimg.com/vi/kJQP7kiw5Fk/hqdefault.jpg?sqp=-oaymwEcCPYBEIoBSFXyq4qpAw4IARUAAIhCGAFwAcABBg==&rs=AOn4CLC7mQvF1DbgLkymd5TjUQjWLbaJ3A,NaN,En,Code
UCSULDz1yaHLVQWHpm4g_GHA,monsieurbidouille,2.5,2023-11-21 18:24:00,2023-11-29 11:06:23,https://i.ytimg.com/vi/kJQP7kiw5Fk/hqdefault.jpg?sqp=-oaymwEcCPYBEIoBSFXyq4qpAw4IARUAAIhCGAFwAcABBg==&rs=AOn4CLC7mQvF1DbgLkymd5TjUQjWLbaJ3A,NaN,Fr,Bricole
UCsVPQfo5RZErDL41LoWvk0A,DevoxxFRvideos,2.5,2023-11-21 18:21:00,2023-11-29 11:06:23,https://i.ytimg.com/vi/kJQP7kiw5Fk/hqdefault.jpg?sqp=-oaymwEcCPYBEIoBSFXyq4qpAw4IARUAAIhCGAFwAcABBg==&rs=AOn4CLC7mQvF1DbgLkymd5TjUQjWLbaJ3A,NaN,Fr,Code
UCSw9lUrkDN4jmY5roG-5GEg,MontresMoi,2.5,2023-11-21 16:47:00,2023-11-29 11:06:23,https://i.ytimg.com/vi/kJQP7kiw5Fk/hqdefault.jpg?sqp=-oaymwEcCPYBEIoBSFXyq4qpAw4IARUAAIhCGAFwAcABBg==&rs=AOn4CLC7mQvF1DbgLkymd5TjUQjWLbaJ3A,NaN,Fr,Watch
UCsXVk37bltHxD1rDPwtNM8Q,kurzgesagt,2.5,2023-11-21 18:17:00,2023-11-29 11:06:23,https://i.ytimg.com/vi/kJQP7kiw5Fk/hqdefault.jpg?sqp=-oaymwEcCPYBEIoBSFXyq4qpAw4IARUAAIhCGAFwAcABBg==&rs=AOn4CLC7mQvF1DbgLkymd5TjUQjWLbaJ3A,NaN,En,Science
UCsz9DiwPtgDvxJ-njWnieZw,PasseScience,2.5,2023-11-21 18:31:00,2023-11-29 11:06:23,https://i.ytimg.com/vi/kJQP7kiw5Fk/hqdefault.jpg?sqp=-oaymwEcCPYBEIoBSFXyq4qpAw4IARUAAIhCGAFwAcABBg==&rs=AOn4CLC7mQvF1DbgLkymd5TjUQjWLbaJ3A,NaN,Fr,Science
UCt25qnVXVq83duXaOZe5B5g,LucasParleF1,2.5,2023-11-21 16:22:00,2023-11-29 11:06:23,https://i.ytimg.com/vi/kJQP7kiw5Fk/hqdefault.jpg?sqp=-oaymwEcCPYBEIoBSFXyq4qpAw4IARUAAIhCGAFwAcABBg==&rs=AOn4CLC7mQvF1DbgLkymd5TjUQjWLbaJ3A,NaN,Fr,F1
UCt59v3EFJVWwUx3FewPGpWg,KillTiltpoker,2.5,2023-11-21 16:31:00,2023-11-29 11:06:23,https://i.ytimg.com/vi/kJQP7kiw5Fk/hqdefault.jpg?sqp=-oaymwEcCPYBEIoBSFXyq4qpAw4IARUAAIhCGAFwAcABBg==&rs=AOn4CLC7mQvF1DbgLkymd5TjUQjWLbaJ3A,NaN,Fr,Poker
UCtatfZMf-8EkIwASXM4ts0A,AssemblyAI,2.5,2023-11-21 16:31:00,2023-11-29 11:06:23,https://i.ytimg.com/vi/kJQP7kiw5Fk/hqdefault.jpg?sqp=-oaymwEcCPYBEIoBSFXyq4qpAw4IARUAAIhCGAFwAcABBg==&rs=AOn4CLC7mQvF1DbgLkymd5TjUQjWLbaJ3A,NaN,En,IA
UCtCySxVkh0sKPPfMPXxE6sQ,willygeorges,2.5,2023-11-21 18:44:00,2023-11-29 11:06:23,https://i.ytimg.com/vi/kJQP7kiw5Fk/hqdefault.jpg?sqp=-oaymwEcCPYBEIoBSFXyq4qpAw4IARUAAIhCGAFwAcABBg==&rs=AOn4CLC7mQvF1DbgLkymd5TjUQjWLbaJ3A,NaN,?,Muscle
UCTSTUWEktWdPy7gp96axFLg,BarilletMontre,2.5,2023-11-21 16:22:00,2023-11-29 11:06:23,https://i.ytimg.com/vi/kJQP7kiw5Fk/hqdefault.jpg?sqp=-oaymwEcCPYBEIoBSFXyq4qpAw4IARUAAIhCGAFwAcABBg==&rs=AOn4CLC7mQvF1DbgLkymd5TjUQjWLbaJ3A,NaN,Fr,Watch
UCTVTlRE_gyvZvEFJOxRZlrA,DataScientest,2.5,2023-11-21 16:31:00,2023-11-29 11:06:23,https://i.ytimg.com/vi/kJQP7kiw5Fk/hqdefault.jpg?sqp=-oaymwEcCPYBEIoBSFXyq4qpAw4IARUAAIhCGAFwAcABBg==&rs=AOn4CLC7mQvF1DbgLkymd5TjUQjWLbaJ3A,NaN,Fr,IA
UCtxCXg-UvSnTKPOzLH4wJaQ,CodingTech,2.5,2023-11-21 18:21:00,2023-11-29 11:06:23,https://i.ytimg.com/vi/kJQP7kiw5Fk/hqdefault.jpg?sqp=-oaymwEcCPYBEIoBSFXyq4qpAw4IARUAAIhCGAFwAcABBg==&rs=AOn4CLC7mQvF1DbgLkymd5TjUQjWLbaJ3A,NaN,?,Code
UCtYLUTtgS3k1Fg4y5tAhLbw,statquest,2.5,2023-11-21 16:45:00,2023-11-29 11:06:23,https://i.ytimg.com/vi/kJQP7kiw5Fk/hqdefault.jpg?sqp=-oaymwEcCPYBEIoBSFXyq4qpAw4IARUAAIhCGAFwAcABBg==&rs=AOn4CLC7mQvF1DbgLkymd5TjUQjWLbaJ3A,NaN,En,Stats
UCu1RanxM-Q9ahuCZdeO-_tQ,Micode,2.5,2023-11-21 16:31:00,2023-11-29 11:06:23,https://i.ytimg.com/vi/kJQP7kiw5Fk/hqdefault.jpg?sqp=-oaymwEcCPYBEIoBSFXyq4qpAw4IARUAAIhCGAFwAcABBg==&rs=AOn4CLC7mQvF1DbgLkymd5TjUQjWLbaJ3A,NaN,Fr,Tech
UCu1yiKjTRetsoZ-OSeOMmzg,jazztutorial,2.5,2023-11-21 16:37:00,2023-11-29 11:06:23,https://i.ytimg.com/vi/kJQP7kiw5Fk/hqdefault.jpg?sqp=-oaymwEcCPYBEIoBSFXyq4qpAw4IARUAAIhCGAFwAcABBg==&rs=AOn4CLC7mQvF1DbgLkymd5TjUQjWLbaJ3A,NaN,?,Music
UCU2gnFgbyaI5AVDgcvscjdw,baborlelefan,2.5,2023-11-21 16:29:00,2023-11-29 11:06:23,https://i.ytimg.com/vi/kJQP7kiw5Fk/hqdefault.jpg?sqp=-oaymwEcCPYBEIoBSFXyq4qpAw4IARUAAIhCGAFwAcABBg==&rs=AOn4CLC7mQvF1DbgLkymd5TjUQjWLbaJ3A,NaN,Fr,Humour
UCu6mFdACj_quODcUujiT62Q,low-techlab2411,2.5,2023-11-21 18:24:00,2023-11-29 11:06:23,https://i.ytimg.com/vi/kJQP7kiw5Fk/hqdefault.jpg?sqp=-oaymwEcCPYBEIoBSFXyq4qpAw4IARUAAIhCGAFwAcABBg==&rs=AOn4CLC7mQvF1DbgLkymd5TjUQjWLbaJ3A,NaN,?,Bricole
UCUHW94eEFW7hkUMVaZz4eDg,MinutePhysics,2.5,2023-11-21 18:31:00,2023-11-29 11:06:23,https://i.ytimg.com/vi/kJQP7kiw5Fk/hqdefault.jpg?sqp=-oaymwEcCPYBEIoBSFXyq4qpAw4IARUAAIhCGAFwAcABBg==&rs=AOn4CLC7mQvF1DbgLkymd5TjUQjWLbaJ3A,NaN,En,Science
UCUP5EGxbtsKwxy93CS_9iLg,JoachimMouhamad,2.5,2023-11-21 16:31:00,2023-11-29 11:06:23,https://i.ytimg.com/vi/kJQP7kiw5Fk/hqdefault.jpg?sqp=-oaymwEcCPYBEIoBSFXyq4qpAw4IARUAAIhCGAFwAcABBg==&rs=AOn4CLC7mQvF1DbgLkymd5TjUQjWLbaJ3A,NaN,Fr,Chess
UCUyGfgvkPXfV80exjZIqmVQ,antoinebm,2.5,2023-11-21 18:41:00,2023-11-29 11:06:23,https://i.ytimg.com/vi/kJQP7kiw5Fk/hqdefault.jpg?sqp=-oaymwEcCPYBEIoBSFXyq4qpAw4IARUAAIhCGAFwAcABBg==&rs=AOn4CLC7mQvF1DbgLkymd5TjUQjWLbaJ3A,NaN,Fr,?
UCV4G8eTI0qxMbveC0rL3nkA,DepieloF1,2.5,2023-11-21 18:17:00,2023-11-29 11:06:23,https://i.ytimg.com/vi/kJQP7kiw5Fk/hqdefault.jpg?sqp=-oaymwEcCPYBEIoBSFXyq4qpAw4IARUAAIhCGAFwAcABBg==&rs=AOn4CLC7mQvF1DbgLkymd5TjUQjWLbaJ3A,NaN,Fr,F1
UCV6uM3y-8TeO7JlCtcEN-Bg,ScienceClic,2.5,2023-11-21 18:31:00,2023-11-29 11:06:23,https://i.ytimg.com/vi/kJQP7kiw5Fk/hqdefault.jpg?sqp=-oaymwEcCPYBEIoBSFXyq4qpAw4IARUAAIhCGAFwAcABBg==&rs=AOn4CLC7mQvF1DbgLkymd5TjUQjWLbaJ3A,NaN,Fr,Science
UCV8e2g4IWQqK71bbzGDEI4Q,DataProfessor,2.5,2023-11-21 16:45:00,2023-11-29 11:06:23,https://i.ytimg.com/vi/kJQP7kiw5Fk/hqdefault.jpg?sqp=-oaymwEcCPYBEIoBSFXyq4qpAw4IARUAAIhCGAFwAcABBg==&rs=AOn4CLC7mQvF1DbgLkymd5TjUQjWLbaJ3A,NaN,En,Data
UCV8M-U3qHFLlS24jGVJmgIQ,algomius,2.5,2023-11-21 18:41:00,2023-11-29 11:06:23,https://i.ytimg.com/vi/kJQP7kiw5Fk/hqdefault.jpg?sqp=-oaymwEcCPYBEIoBSFXyq4qpAw4IARUAAIhCGAFwAcABBg==&rs=AOn4CLC7mQvF1DbgLkymd5TjUQjWLbaJ3A,NaN,Fr,Maths
UCVhQ2NnY5Rskt6UjCUkJ_DA,ArjanCodes,2.5,2023-11-21 18:41:00,2023-11-29 11:06:23,https://i.ytimg.com/vi/kJQP7kiw5Fk/hqdefault.jpg?sqp=-oaymwEcCPYBEIoBSFXyq4qpAw4IARUAAIhCGAFwAcABBg==&rs=AOn4CLC7mQvF1DbgLkymd5TjUQjWLbaJ3A,NaN,En,IA
UCVOBxkxPoQA4srw23W0ZTag,automatants-associationdia7325,2.5,2023-11-21 18:17:00,2023-11-29 11:06:23,https://i.ytimg.com/vi/kJQP7kiw5Fk/hqdefault.jpg?sqp=-oaymwEcCPYBEIoBSFXyq4qpAw4IARUAAIhCGAFwAcABBg==&rs=AOn4CLC7mQvF1DbgLkymd5TjUQjWLbaJ3A,NaN,En,IA
UCvOy8YK838JxJ0sdWX3flIQ,PascalVigne,2.5,2023-11-21 16:33:00,2023-11-29 11:06:23,https://i.ytimg.com/vi/kJQP7kiw5Fk/hqdefault.jpg?sqp=-oaymwEcCPYBEIoBSFXyq4qpAw4IARUAAIhCGAFwAcABBg==&rs=AOn4CLC7mQvF1DbgLkymd5TjUQjWLbaJ3A,NaN,Fr,Guitar
UCVRJ6D343dX-x730MRP8tNw,cocadmin,2.5,2023-11-21 18:21:00,2023-11-29 11:06:23,https://i.ytimg.com/vi/kJQP7kiw5Fk/hqdefault.jpg?sqp=-oaymwEcCPYBEIoBSFXyq4qpAw4IARUAAIhCGAFwAcABBg==&rs=AOn4CLC7mQvF1DbgLkymd5TjUQjWLbaJ3A,NaN,Fr,Code
UCVso5UVvQeGAuwbksmA95iA,ThibaultNeveu,2.5,2023-11-21 16:45:00,2023-11-29 11:06:23,https://i.ytimg.com/vi/kJQP7kiw5Fk/hqdefault.jpg?sqp=-oaymwEcCPYBEIoBSFXyq4qpAw4IARUAAIhCGAFwAcABBg==&rs=AOn4CLC7mQvF1DbgLkymd5TjUQjWLbaJ3A,NaN,Fr,IA
UCW6TXMZ5Pq6yL6_k5NZ2e0Q,Socratica,2.5,2023-11-21 16:37:00,2023-11-29 11:06:23,https://i.ytimg.com/vi/kJQP7kiw5Fk/hqdefault.jpg?sqp=-oaymwEcCPYBEIoBSFXyq4qpAw4IARUAAIhCGAFwAcABBg==&rs=AOn4CLC7mQvF1DbgLkymd5TjUQjWLbaJ3A,NaN,En,Code
UCwbV8cTR4yBgFdfa_BXV2OA,deadwattsofficiel,2.5,2023-11-21 18:33:00,2023-11-29 11:06:23,https://i.ytimg.com/vi/kJQP7kiw5Fk/hqdefault.jpg?sqp=-oaymwEcCPYBEIoBSFXyq4qpAw4IARUAAIhCGAFwAcABBg==&rs=AOn4CLC7mQvF1DbgLkymd5TjUQjWLbaJ3A,NaN,Fr,Cinema
UCwf-gTeemly9VOVALdBXiTw,TechniquesSpatiales,2.5,2023-11-21 16:40:00,2023-11-29 11:06:23,https://i.ytimg.com/vi/kJQP7kiw5Fk/hqdefault.jpg?sqp=-oaymwEcCPYBEIoBSFXyq4qpAw4IARUAAIhCGAFwAcABBg==&rs=AOn4CLC7mQvF1DbgLkymd5TjUQjWLbaJ3A,NaN,Fr,Space
UCWohS9uA2KjW47O0uMZBppA,David_Hicken,2.5,2023-11-21 18:24:00,2023-11-29 11:06:23,https://i.ytimg.com/vi/kJQP7kiw5Fk/hqdefault.jpg?sqp=-oaymwEcCPYBEIoBSFXyq4qpAw4IARUAAIhCGAFwAcABBg==&rs=AOn4CLC7mQvF1DbgLkymd5TjUQjWLbaJ3A,NaN,En,Piano
UCWty1tzwZW_ZNSp5GVGteaA,lastatistiqueexpliqueeamon4366,2.5,2023-11-21 18:24:00,2023-11-29 11:06:23,https://i.ytimg.com/vi/kJQP7kiw5Fk/hqdefault.jpg?sqp=-oaymwEcCPYBEIoBSFXyq4qpAw4IARUAAIhCGAFwAcABBg==&rs=AOn4CLC7mQvF1DbgLkymd5TjUQjWLbaJ3A,NaN,Fr,Stats
UCww8jYELz4JmlkxT8FvNRAg,biostatistique5586,2.5,2023-11-21 18:21:00,2023-11-29 11:06:23,https://i.ytimg.com/vi/kJQP7kiw5Fk/hqdefault.jpg?sqp=-oaymwEcCPYBEIoBSFXyq4qpAw4IARUAAIhCGAFwAcABBg==&rs=AOn4CLC7mQvF1DbgLkymd5TjUQjWLbaJ3A,NaN,Fr,Stats
UCwXc5G-RAKu9oC2yO4cXmuw,allocine,2.5,2023-11-21 16:28:00,2023-11-29 11:06:23,https://i.ytimg.com/vi/kJQP7kiw5Fk/hqdefault.jpg?sqp=-oaymwEcCPYBEIoBSFXyq4qpAw4IARUAAIhCGAFwAcABBg==&rs=AOn4CLC7mQvF1DbgLkymd5TjUQjWLbaJ3A,NaN,Fr,Cinema
UCWYxQt9Y3y2CDzXLf2K7xCA,lanternecosmique,2.5,2023-11-21 18:31:00,2023-11-29 11:06:23,https://i.ytimg.com/vi/kJQP7kiw5Fk/hqdefault.jpg?sqp=-oaymwEcCPYBEIoBSFXyq4qpAw4IARUAAIhCGAFwAcABBg==&rs=AOn4CLC7mQvF1DbgLkymd5TjUQjWLbaJ3A,NaN,Fr,Science
UCwzxu1j19ICnfW5zrBvUw-w,unebiereetjivay,2.5,2023-11-21 16:31:00,2023-11-29 11:06:23,https://i.ytimg.com/vi/kJQP7kiw5Fk/hqdefault.jpg?sqp=-oaymwEcCPYBEIoBSFXyq4qpAw4IARUAAIhCGAFwAcABBg==&rs=AOn4CLC7mQvF1DbgLkymd5TjUQjWLbaJ3A,NaN,Fr,Alcool
UCX7Y2qWriXpqocG97SFW2OQ,howardjeremyp,2.5,2023-11-21 18:23:00,2023-11-29 11:06:23,https://i.ytimg.com/vi/kJQP7kiw5Fk/hqdefault.jpg?sqp=-oaymwEcCPYBEIoBSFXyq4qpAw4IARUAAIhCGAFwAcABBg==&rs=AOn4CLC7mQvF1DbgLkymd5TjUQjWLbaJ3A,NaN,En,IA
UCx8mQU1dOemRUTPmrjs_Jaw,MrGalagomusic,2.5,2023-11-21 16:38:00,2023-11-29 11:06:23,https://i.ytimg.com/vi/kJQP7kiw5Fk/hqdefault.jpg?sqp=-oaymwEcCPYBEIoBSFXyq4qpAw4IARUAAIhCGAFwAcABBg==&rs=AOn4CLC7mQvF1DbgLkymd5TjUQjWLbaJ3A,NaN,?,Music
UCXgGY0wkgOzynnHvSEVmE3A,HiteshChoudharydotcom,0.0,2023-11-21 18:17:00,2023-11-29 11:06:23,https://i.ytimg.com/vi/kJQP7kiw5Fk/hqdefault.jpg?sqp=-oaymwEcCPYBEIoBSFXyq4qpAw4IARUAAIhCGAFwAcABBg==&rs=AOn4CLC7mQvF1DbgLkymd5TjUQjWLbaJ3A,NaN,En,Code
UCxladMszXan-jfgzyeIMyvw,robmulla,2.5,2023-11-21 18:41:00,2023-11-29 11:06:23,https://i.ytimg.com/vi/kJQP7kiw5Fk/hqdefault.jpg?sqp=-oaymwEcCPYBEIoBSFXyq4qpAw4IARUAAIhCGAFwAcABBg==&rs=AOn4CLC7mQvF1DbgLkymd5TjUQjWLbaJ3A,NaN,En,IA
UCXO8f8SAVP02zSAxnSvtYHw,LePointGenius,2.5,2023-11-21 16:41:00,2023-11-29 11:06:23,https://i.ytimg.com/vi/kJQP7kiw5Fk/hqdefault.jpg?sqp=-oaymwEcCPYBEIoBSFXyq4qpAw4IARUAAIhCGAFwAcABBg==&rs=AOn4CLC7mQvF1DbgLkymd5TjUQjWLbaJ3A,NaN,Fr,Science
UCxSeJKYcO_4G_VrOlFykbSA,lespritcritique,2.5,2023-11-21 16:24:00,2023-11-29 11:06:23,https://i.ytimg.com/vi/kJQP7kiw5Fk/hqdefault.jpg?sqp=-oaymwEcCPYBEIoBSFXyq4qpAw4IARUAAIhCGAFwAcABBg==&rs=AOn4CLC7mQvF1DbgLkymd5TjUQjWLbaJ3A,NaN,Fr,Sceptic
UCXUPKJO5MZQN11PqgIvyuvQ,AndrejKarpathy,2.5,2023-11-21 18:34:00,2023-11-29 11:06:23,https://i.ytimg.com/vi/kJQP7kiw5Fk/hqdefault.jpg?sqp=-oaymwEcCPYBEIoBSFXyq4qpAw4IARUAAIhCGAFwAcABBg==&rs=AOn4CLC7mQvF1DbgLkymd5TjUQjWLbaJ3A,NaN,En,IA
UCxUzB3gIWxjXFtT6ewG_XnQ,College-de-France,2.5,2023-11-21 16:20:00,2023-11-29 11:06:23,https://i.ytimg.com/vi/kJQP7kiw5Fk/hqdefault.jpg?sqp=-oaymwEcCPYBEIoBSFXyq4qpAw4IARUAAIhCGAFwAcABBg==&rs=AOn4CLC7mQvF1DbgLkymd5TjUQjWLbaJ3A,NaN,Fr,Misc.
UCXV7LUI7G1MaKRN18yQ5y7Q,artefamilyfr,2.5,2023-11-21 18:17:00,2023-11-29 11:06:23,https://i.ytimg.com/vi/kJQP7kiw5Fk/hqdefault.jpg?sqp=-oaymwEcCPYBEIoBSFXyq4qpAw4IARUAAIhCGAFwAcABBg==&rs=AOn4CLC7mQvF1DbgLkymd5TjUQjWLbaJ3A,NaN,Fr,Misc.
UCxWEtSo-Egz22h8kU0lz8Qw,GarageDesBlogs,2.5,2023-11-21 16:31:00,2023-11-29 11:06:23,https://i.ytimg.com/vi/kJQP7kiw5Fk/hqdefault.jpg?sqp=-oaymwEcCPYBEIoBSFXyq4qpAw4IARUAAIhCGAFwAcABBg==&rs=AOn4CLC7mQvF1DbgLkymd5TjUQjWLbaJ3A,NaN,Fr,Cars
UCy2MnKptOjk2N9S9ihlkCGA,playpianobyear,2.5,2023-11-21 18:21:00,2023-11-29 11:06:23,https://i.ytimg.com/vi/kJQP7kiw5Fk/hqdefault.jpg?sqp=-oaymwEcCPYBEIoBSFXyq4qpAw4IARUAAIhCGAFwAcABBg==&rs=AOn4CLC7mQvF1DbgLkymd5TjUQjWLbaJ3A,NaN,?,Piano
UCyeoIdJHgQhOrct9mVJ2fTQ,PetitAstronome,2.5,2023-11-21 16:30:00,2023-11-29 11:06:23,https://i.ytimg.com/vi/kJQP7kiw5Fk/hqdefault.jpg?sqp=-oaymwEcCPYBEIoBSFXyq4qpAw4IARUAAIhCGAFwAcABBg==&rs=AOn4CLC7mQvF1DbgLkymd5TjUQjWLbaJ3A,NaN,Fr,Space
UCyikblNJCntBClfPOhPbFqQ,AIforyouMorganGautherot,2.5,2023-11-21 16:45:00,2023-11-29 11:06:23,https://i.ytimg.com/vi/kJQP7kiw5Fk/hqdefault.jpg?sqp=-oaymwEcCPYBEIoBSFXyq4qpAw4IARUAAIhCGAFwAcABBg==&rs=AOn4CLC7mQvF1DbgLkymd5TjUQjWLbaJ3A,NaN,Fr,IA
UCyIV8rkza5Uk_sJIhqilBvQ,lequipe,2.5,2023-11-21 16:14:00,2023-11-29 11:06:23,https://i.ytimg.com/vi/kJQP7kiw5Fk/hqdefault.jpg?sqp=-oaymwEcCPYBEIoBSFXyq4qpAw4IARUAAIhCGAFwAcABBg==&rs=AOn4CLC7mQvF1DbgLkymd5TjUQjWLbaJ3A,NaN,Fr,Sport
UCyJDHgrsUKuWLe05GvC2lng,StupidEco,2.5,2023-11-21 16:45:00,2023-11-29 11:06:23,https://i.ytimg.com/vi/kJQP7kiw5Fk/hqdefault.jpg?sqp=-oaymwEcCPYBEIoBSFXyq4qpAw4IARUAAIhCGAFwAcABBg==&rs=AOn4CLC7mQvF1DbgLkymd5TjUQjWLbaJ3A,NaN,?,Economy
UCYJJ4j9s2K6X203oJGUx8dQ,Derkomai22,2.5,2023-11-21 18:21:00,2023-11-29 11:06:23,https://i.ytimg.com/vi/kJQP7kiw5Fk/hqdefault.jpg?sqp=-oaymwEcCPYBEIoBSFXyq4qpAw4IARUAAIhCGAFwAcABBg==&rs=AOn4CLC7mQvF1DbgLkymd5TjUQjWLbaJ3A,NaN,Fr,Gaming
UCynBu7PDfJsCXeCSqT1QUQw,Vousavezledroit,2.5,2023-11-21 16:24:00,2023-11-29 11:06:23,https://i.ytimg.com/vi/kJQP7kiw5Fk/hqdefault.jpg?sqp=-oaymwEcCPYBEIoBSFXyq4qpAw4IARUAAIhCGAFwAcABBg==&rs=AOn4CLC7mQvF1DbgLkymd5TjUQjWLbaJ3A,NaN,Fr,Droit
UCYO_jab_esuFRV4b17AJtAw,3blue1brown,2.5,2023-11-21 18:24:00,2023-11-29 11:06:23,https://i.ytimg.com/vi/kJQP7kiw5Fk/hqdefault.jpg?sqp=-oaymwEcCPYBEIoBSFXyq4qpAw4IARUAAIhCGAFwAcABBg==&rs=AOn4CLC7mQvF1DbgLkymd5TjUQjWLbaJ3A,NaN,En,Maths
UCYpRDnhk5H8h16jpS84uqsA,lemonde,2.5,2023-11-21 16:13:00,2023-11-29 11:06:23,https://i.ytimg.com/vi/kJQP7kiw5Fk/hqdefault.jpg?sqp=-oaymwEcCPYBEIoBSFXyq4qpAw4IARUAAIhCGAFwAcABBg==&rs=AOn4CLC7mQvF1DbgLkymd5TjUQjWLbaJ3A,NaN,Fr,NewsFR
UCypzG0nv9B65DwOLJ578rZQ,LeJournaldelEspace,2.5,2023-11-21 16:24:00,2023-11-29 11:06:23,https://i.ytimg.com/vi/kJQP7kiw5Fk/hqdefault.jpg?sqp=-oaymwEcCPYBEIoBSFXyq4qpAw4IARUAAIhCGAFwAcABBg==&rs=AOn4CLC7mQvF1DbgLkymd5TjUQjWLbaJ3A,NaN,Fr,Space
UCyR2Ct3pDOeZSRyZH5hPO-Q,DataIndependent,2.5,2023-11-21 18:41:00,2023-11-29 11:06:23,https://i.ytimg.com/vi/kJQP7kiw5Fk/hqdefault.jpg?sqp=-oaymwEcCPYBEIoBSFXyq4qpAw4IARUAAIhCGAFwAcABBg==&rs=AOn4CLC7mQvF1DbgLkymd5TjUQjWLbaJ3A,NaN,?,Data
UCyWqModMQlbIo8274Wh_ZsQ,cyprien,2.5,2023-11-21 16:28:00,2023-11-29 11:06:23,https://i.ytimg.com/vi/kJQP7kiw5Fk/hqdefault.jpg?sqp=-oaymwEcCPYBEIoBSFXyq4qpAw4IARUAAIhCGAFwAcABBg==&rs=AOn4CLC7mQvF1DbgLkymd5TjUQjWLbaJ3A,NaN,Fr,Humour
UCyz4M1pwJBNfjMFaUCHCNUQ,HussonFrancois,2.5,2023-11-21 16:45:00,2023-11-29 11:06:23,https://i.ytimg.com/vi/kJQP7kiw5Fk/hqdefault.jpg?sqp=-oaymwEcCPYBEIoBSFXyq4qpAw4IARUAAIhCGAFwAcABBg==&rs=AOn4CLC7mQvF1DbgLkymd5TjUQjWLbaJ3A,NaN,Fr,Stats
UCzL_0nIe8B4-7ShhVPfJkgw,Datasciencedojo,2.5,2023-11-21 16:40:00,2023-11-29 11:06:23,https://i.ytimg.com/vi/kJQP7kiw5Fk/hqdefault.jpg?sqp=-oaymwEcCPYBEIoBSFXyq4qpAw4IARUAAIhCGAFwAcABBg==&rs=AOn4CLC7mQvF1DbgLkymd5TjUQjWLbaJ3A,NaN,En,IA
UCzsIm81pLYinjhfjDsFZ-aA,ParfaitementWeb,2.5,2023-11-21 18:41:00,2023-11-29 11:06:23,https://i.ytimg.com/vi/kJQP7kiw5Fk/hqdefault.jpg?sqp=-oaymwEcCPYBEIoBSFXyq4qpAw4IARUAAIhCGAFwAcABBg==&rs=AOn4CLC7mQvF1DbgLkymd5TjUQjWLbaJ3A,NaN,Fr,Business
UCZzhf8MVWZMDHaPi3b-YnaA,Easy2flyfr,2.5,2023-11-21 18:21:00,2023-11-29 11:06:23,https://i.ytimg.com/vi/kJQP7kiw5Fk/hqdefault.jpg?sqp=-oaymwEcCPYBEIoBSFXyq4qpAw4IARUAAIhCGAFwAcABBg==&rs=AOn4CLC7mQvF1DbgLkymd5TjUQjWLbaJ3A,NaN,Fr,Fly
